[2026-08-31 17:57:34] local.ERROR: could not find driver (Connection: pgsql, Host: 127.0.0.1, Port: 3306, Database: paie, SQL: select exists (select 1 from pg_class c, pg_namespace n where n.nspname = current_schema() and c.relname = 'migrations' and c.relkind in ('r', 'p') and n.oid = c.relnamespace)) {"exception":"[object] (Illuminate\\Database\\QueryException(code: 0): could not find driver (Connection: pgsql, Host: 127.0.0.1, Port: 3306, Database: paie, SQL: select exists (select 1 from pg_class c, pg_namespace n where n.nspname = current_schema() and c.relname = 'migrations' and c.relkind in ('r', 'p') and n.oid = c.relnamespace)) at /home/elyas/Projects/Projet_Stage/paie-marin/vendor/laravel/framework/src/Illuminate/Database/Connection.php:857)
[stacktrace]
#0 /home/elyas/Projects/Projet_Stage/paie-marin/vendor/laravel/framework/src/Illuminate/Database/Connection.php(813): Illuminate\\Database\\Connection->runQueryCallback()
#1 /home/elyas/Projects/Projet_Stage/paie-marin/vendor/laravel/framework/src/Illuminate/Database/Connection.php(426): Illuminate\\Database\\Connection->run()
#2 /home/elyas/Projects/Projet_Stage/paie-marin/vendor/laravel/framework/src/Illuminate/Database/Connection.php(371): Illuminate\\Database\\Connection->select()
#3 /home/elyas/Projects/Projet_Stage/paie-marin/vendor/laravel/framework/src/Illuminate/Database/Connection.php(388): Illuminate\\Database\\Connection->selectOne()
#4 /home/elyas/Projects/Projet_Stage/paie-marin/vendor/laravel/framework/src/Illuminate/Database/Schema/Builder.php(176): Illuminate\\Database\\Connection->scalar()
#5 /home/elyas/Projects/Projet_Stage/paie-marin/vendor/laravel/framework/src/Illuminate/Database/Migrations/DatabaseMigrationRepository.php(185): Illuminate\\Database\\Schema\\Builder->hasTable()
#6 /home/elyas/Projects/Projet_Stage/paie-marin/vendor/laravel/framework/src/Illuminate/Database/Migrations/Migrator.php(797): Illuminate\\Database\\Migrations\\DatabaseMigrationRepository->repositoryExists()
#7 /home/elyas/Projects/Projet_Stage/paie-marin/vendor/laravel/framework/src/Illuminate/Database/Console/Migrations/MigrateCommand.php(166): Illuminate\\Database\\Migrations\\Migrator->repositoryExists()
#8 /home/elyas/Projects/Projet_Stage/paie-marin/vendor/laravel/framework/src/Illuminate/Support/helpers.php(328): Illuminate\\Database\\Console\\Migrations\\MigrateCommand->{closure:Illuminate\\Database\\Console\\Migrations\\MigrateCommand::repositoryExists():166}()
#9 /home/elyas/Projects/Projet_Stage/paie-marin/vendor/laravel/framework/src/Illuminate/Database/Console/Migrations/MigrateCommand.php(166): retry()
#10 /home/elyas/Projects/Projet_Stage/paie-marin/vendor/laravel/framework/src/Illuminate/Database/Console/Migrations/MigrateCommand.php(142): Illuminate\\Database\\Console\\Migrations\\MigrateCommand->repositoryExists()
#11 /home/elyas/Projects/Projet_Stage/paie-marin/vendor/laravel/framework/src/Illuminate/Database/Console/Migrations/MigrateCommand.php(112): Illuminate\\Database\\Console\\Migrations\\MigrateCommand->prepareDatabase()
#12 /home/elyas/Projects/Projet_Stage/paie-marin/vendor/laravel/framework/src/Illuminate/Database/Migrations/Migrator.php(672): Illuminate\\Database\\Console\\Migrations\\MigrateCommand->{closure:Illuminate\\Database\\Console\\Migrations\\MigrateCommand::runMigrations():111}()
#13 /home/elyas/Projects/Projet_Stage/paie-marin/vendor/laravel/framework/src/Illuminate/Database/Console/Migrations/MigrateCommand.php(111): Illuminate\\Database\\Migrations\\Migrator->usingConnection()
#14 /home/elyas/Projects/Projet_Stage/paie-marin/vendor/laravel/framework/src/Illuminate/Database/Console/Migrations/MigrateCommand.php(90): Illuminate\\Database\\Console\\Migrations\\MigrateCommand->runMigrations()
#15 /home/elyas/Projects/Projet_Stage/paie-marin/vendor/laravel/framework/src/Illuminate/Container/BoundMethod.php(36): Illuminate\\Database\\Console\\Migrations\\MigrateCommand->handle()
#16 /home/elyas/Projects/Projet_Stage/paie-marin/vendor/laravel/framework/src/Illuminate/Container/Util.php(43): Illuminate\\Container\\BoundMethod::{closure:Illuminate\\Container\\BoundMethod::call():35}()
#17 /home/elyas/Projects/Projet_Stage/paie-marin/vendor/laravel/framework/src/Illuminate/Container/BoundMethod.php(96): Illuminate\\Container\\Util::unwrapIfClosure()
#18 /home/elyas/Projects/Projet_Stage/paie-marin/vendor/laravel/framework/src/Illuminate/Container/BoundMethod.php(35): Illuminate\\Container\\BoundMethod::callBoundMethod()
#19 /home/elyas/Projects/Projet_Stage/paie-marin/vendor/laravel/framework/src/Illuminate/Container/Container.php(803): Illuminate\\Container\\BoundMethod::call()
#20 /home/elyas/Projects/Projet_Stage/paie-marin/vendor/laravel/framework/src/Illuminate/Console/Command.php(292): Illuminate\\Container\\Container->call()
#21 /home/elyas/Projects/Projet_Stage/paie-marin/vendor/symfony/console/Command/Command.php(285): Illuminate\\Console\\Command->execute()
#22 /home/elyas/Projects/Projet_Stage/paie-marin/vendor/laravel/framework/src/Illuminate/Console/Command.php(261): Symfony\\Component\\Console\\Command\\Command->run()
#23 /home/elyas/Projects/Projet_Stage/paie-marin/vendor/symfony/console/Application.php(1144): Illuminate\\Console\\Command->run()
#24 /home/elyas/Projects/Projet_Stage/paie-marin/vendor/symfony/console/Application.php(379): Symfony\\Component\\Console\\Application->doRunCommand()
#25 /home/elyas/Projects/Projet_Stage/paie-marin/vendor/symfony/console/Application.php(218): Symfony\\Component\\Console\\Application->doRun()
#26 /home/elyas/Projects/Projet_Stage/paie-marin/vendor/laravel/framework/src/Illuminate/Foundation/Console/Kernel.php(198): Symfony\\Component\\Console\\Application->run()
#27 /home/elyas/Projects/Projet_Stage/paie-marin/vendor/laravel/framework/src/Illuminate/Foundation/Application.php(1242): Illuminate\\Foundation\\Console\\Kernel->handle()
#28 /home/elyas/Projects/Projet_Stage/paie-marin/artisan(16): Illuminate\\Foundation\\Application->handleCommand()
#29 {main}

[previous exception] [object] (PDOException(code: 0): could not find driver at /home/elyas/Projects/Projet_Stage/paie-marin/vendor/laravel/framework/src/Illuminate/Database/Connectors/Connector.php:67)
[stacktrace]
#0 /home/elyas/Projects/Projet_Stage/paie-marin/vendor/laravel/framework/src/Illuminate/Database/Connectors/Connector.php(67): PDO::connect()
#1 /home/elyas/Projects/Projet_Stage/paie-marin/vendor/laravel/framework/src/Illuminate/Database/Connectors/Connector.php(44): Illuminate\\Database\\Connectors\\Connector->createPdoConnection()
#2 /home/elyas/Projects/Projet_Stage/paie-marin/vendor/laravel/framework/src/Illuminate/Database/Connectors/PostgresConnector.php(35): Illuminate\\Database\\Connectors\\Connector->createConnection()
#3 /home/elyas/Projects/Projet_Stage/paie-marin/vendor/laravel/framework/src/Illuminate/Database/Connectors/ConnectionFactory.php(220): Illuminate\\Database\\Connectors\\PostgresConnector->connect()
#4 [internal function]: Illuminate\\Database\\Connectors\\ConnectionFactory->{closure:Illuminate\\Database\\Connectors\\ConnectionFactory::createPdoResolverWithHosts():213}()
#5 /home/elyas/Projects/Projet_Stage/paie-marin/vendor/laravel/framework/src/Illuminate/Database/Connection.php(1298): call_user_func()
#6 /home/elyas/Projects/Projet_Stage/paie-marin/vendor/laravel/framework/src/Illuminate/Database/Connection.php(1336): Illuminate\\Database\\Connection->getPdo()
#7 /home/elyas/Projects/Projet_Stage/paie-marin/vendor/laravel/framework/src/Illuminate/Database/Connection.php(542): Illuminate\\Database\\Connection->getReadPdo()
#8 /home/elyas/Projects/Projet_Stage/paie-marin/vendor/laravel/framework/src/Illuminate/Database/Connection.php(435): Illuminate\\Database\\Connection->getPdoForSelect()
#9 /home/elyas/Projects/Projet_Stage/paie-marin/vendor/laravel/framework/src/Illuminate/Database/Connection.php(846): Illuminate\\Database\\Connection->{closure:Illuminate\\Database\\Connection::select():426}()
#10 /home/elyas/Projects/Projet_Stage/paie-marin/vendor/laravel/framework/src/Illuminate/Database/Connection.php(813): Illuminate\\Database\\Connection->runQueryCallback()
#11 /home/elyas/Projects/Projet_Stage/paie-marin/vendor/laravel/framework/src/Illuminate/Database/Connection.php(426): Illuminate\\Database\\Connection->run()
#12 /home/elyas/Projects/Projet_Stage/paie-marin/vendor/laravel/framework/src/Illuminate/Database/Connection.php(371): Illuminate\\Database\\Connection->select()
#13 /home/elyas/Projects/Projet_Stage/paie-marin/vendor/laravel/framework/src/Illuminate/Database/Connection.php(388): Illuminate\\Database\\Connection->selectOne()
#14 /home/elyas/Projects/Projet_Stage/paie-marin/vendor/laravel/framework/src/Illuminate/Database/Schema/Builder.php(176): Illuminate\\Database\\Connection->scalar()
#15 /home/elyas/Projects/Projet_Stage/paie-marin/vendor/laravel/framework/src/Illuminate/Database/Migrations/DatabaseMigrationRepository.php(185): Illuminate\\Database\\Schema\\Builder->hasTable()
#16 /home/elyas/Projects/Projet_Stage/paie-marin/vendor/laravel/framework/src/Illuminate/Database/Migrations/Migrator.php(797): Illuminate\\Database\\Migrations\\DatabaseMigrationRepository->repositoryExists()
#17 /home/elyas/Projects/Projet_Stage/paie-marin/vendor/laravel/framework/src/Illuminate/Database/Console/Migrations/MigrateCommand.php(166): Illuminate\\Database\\Migrations\\Migrator->repositoryExists()
#18 /home/elyas/Projects/Projet_Stage/paie-marin/vendor/laravel/framework/src/Illuminate/Support/helpers.php(328): Illuminate\\Database\\Console\\Migrations\\MigrateCommand->{closure:Illuminate\\Database\\Console\\Migrations\\MigrateCommand::repositoryExists():166}()
#19 /home/elyas/Projects/Projet_Stage/paie-marin/vendor/laravel/framework/src/Illuminate/Database/Console/Migrations/MigrateCommand.php(166): retry()
#20 /home/elyas/Projects/Projet_Stage/paie-marin/vendor/laravel/framework/src/Illuminate/Database/Console/Migrations/MigrateCommand.php(142): Illuminate\\Database\\Console\\Migrations\\MigrateCommand->repositoryExists()
#21 /home/elyas/Projects/Projet_Stage/paie-marin/vendor/laravel/framework/src/Illuminate/Database/Console/Migrations/MigrateCommand.php(112): Illuminate\\Database\\Console\\Migrations\\MigrateCommand->prepareDatabase()
#22 /home/elyas/Projects/Projet_Stage/paie-marin/vendor/laravel/framework/src/Illuminate/Database/Migrations/Migrator.php(672): Illuminate\\Database\\Console\\Migrations\\MigrateCommand->{closure:Illuminate\\Database\\Console\\Migrations\\MigrateCommand::runMigrations():111}()
#23 /home/elyas/Projects/Projet_Stage/paie-marin/vendor/laravel/framework/src/Illuminate/Database/Console/Migrations/MigrateCommand.php(111): Illuminate\\Database\\Migrations\\Migrator->usingConnection()
#24 /home/elyas/Projects/Projet_Stage/paie-marin/vendor/laravel/framework/src/Illuminate/Database/Console/Migrations/MigrateCommand.php(90): Illuminate\\Database\\Console\\Migrations\\MigrateCommand->runMigrations()
#25 /home/elyas/Projects/Projet_Stage/paie-marin/vendor/laravel/framework/src/Illuminate/Container/BoundMethod.php(36): Illuminate\\Database\\Console\\Migrations\\MigrateCommand->handle()
#26 /home/elyas/Projects/Projet_Stage/paie-marin/vendor/laravel/framework/src/Illuminate/Container/Util.php(43): Illuminate\\Container\\BoundMethod::{closure:Illuminate\\Container\\BoundMethod::call():35}()
#27 /home/elyas/Projects/Projet_Stage/paie-marin/vendor/laravel/framework/src/Illuminate/Container/BoundMethod.php(96): Illuminate\\Container\\Util::unwrapIfClosure()
#28 /home/elyas/Projects/Projet_Stage/paie-marin/vendor/laravel/framework/src/Illuminate/Container/BoundMethod.php(35): Illuminate\\Container\\BoundMethod::callBoundMethod()
#29 /home/elyas/Projects/Projet_Stage/paie-marin/vendor/laravel/framework/src/Illuminate/Container/Container.php(803): Illuminate\\Container\\BoundMethod::call()
#30 /home/elyas/Projects/Projet_Stage/paie-marin/vendor/laravel/framework/src/Illuminate/Console/Command.php(292): Illuminate\\Container\\Container->call()
#31 /home/elyas/Projects/Projet_Stage/paie-marin/vendor/symfony/console/Command/Command.php(285): Illuminate\\Console\\Command->execute()
#32 /home/elyas/Projects/Projet_Stage/paie-marin/vendor/laravel/framework/src/Illuminate/Console/Command.php(261): Symfony\\Component\\Console\\Command\\Command->run()
#33 /home/elyas/Projects/Projet_Stage/paie-marin/vendor/symfony/console/Application.php(1144): Illuminate\\Console\\Command->run()
#34 /home/elyas/Projects/Projet_Stage/paie-marin/vendor/symfony/console/Application.php(379): Symfony\\Component\\Console\\Application->doRunCommand()
#35 /home/elyas/Projects/Projet_Stage/paie-marin/vendor/symfony/console/Application.php(218): Symfony\\Component\\Console\\Application->doRun()
#36 /home/elyas/Projects/Projet_Stage/paie-marin/vendor/laravel/framework/src/Illuminate/Foundation/Console/Kernel.php(198): Symfony\\Component\\Console\\Application->run()
#37 /home/elyas/Projects/Projet_Stage/paie-marin/vendor/laravel/framework/src/Illuminate/Foundation/Application.php(1242): Illuminate\\Foundation\\Console\\Kernel->handle()
#38 /home/elyas/Projects/Projet_Stage/paie-marin/artisan(16): Illuminate\\Foundation\\Application->handleCommand()
#39 {main}
"} 
[2026-08-31 18:01:45] local.ERROR: SQLSTATE[08006] [7] connection to server at "127.0.0.1", port 3306 failed: received invalid response to SSL negotiation: [ (Connection: pgsql, Host: 127.0.0.1, Port: 3306, Database: paie, SQL: select exists (select 1 from pg_class c, pg_namespace n where n.nspname = current_schema() and c.relname = 'migrations' and c.relkind in ('r', 'p') and n.oid = c.relnamespace)) {"exception":"[object] (Illuminate\\Database\\QueryException(code: 7): SQLSTATE[08006] [7] connection to server at \"127.0.0.1\", port 3306 failed: received invalid response to SSL negotiation: [ (Connection: pgsql, Host: 127.0.0.1, Port: 3306, Database: paie, SQL: select exists (select 1 from pg_class c, pg_namespace n where n.nspname = current_schema() and c.relname = 'migrations' and c.relkind in ('r', 'p') and n.oid = c.relnamespace)) at /home/elyas/Projects/Projet_Stage/paie-marin/vendor/laravel/framework/src/Illuminate/Database/Connection.php:857)
[stacktrace]
#0 /home/elyas/Projects/Projet_Stage/paie-marin/vendor/laravel/framework/src/Illuminate/Database/Connection.php(813): Illuminate\\Database\\Connection->runQueryCallback()
#1 /home/elyas/Projects/Projet_Stage/paie-marin/vendor/laravel/framework/src/Illuminate/Database/Connection.php(426): Illuminate\\Database\\Connection->run()
#2 /home/elyas/Projects/Projet_Stage/paie-marin/vendor/laravel/framework/src/Illuminate/Database/Connection.php(371): Illuminate\\Database\\Connection->select()
#3 /home/elyas/Projects/Projet_Stage/paie-marin/vendor/laravel/framework/src/Illuminate/Database/Connection.php(388): Illuminate\\Database\\Connection->selectOne()
#4 /home/elyas/Projects/Projet_Stage/paie-marin/vendor/laravel/framework/src/Illuminate/Database/Schema/Builder.php(176): Illuminate\\Database\\Connection->scalar()
#5 /home/elyas/Projects/Projet_Stage/paie-marin/vendor/laravel/framework/src/Illuminate/Database/Migrations/DatabaseMigrationRepository.php(185): Illuminate\\Database\\Schema\\Builder->hasTable()
#6 /home/elyas/Projects/Projet_Stage/paie-marin/vendor/laravel/framework/src/Illuminate/Database/Migrations/Migrator.php(797): Illuminate\\Database\\Migrations\\DatabaseMigrationRepository->repositoryExists()
#7 /home/elyas/Projects/Projet_Stage/paie-marin/vendor/laravel/framework/src/Illuminate/Database/Console/Migrations/MigrateCommand.php(166): Illuminate\\Database\\Migrations\\Migrator->repositoryExists()
#8 /home/elyas/Projects/Projet_Stage/paie-marin/vendor/laravel/framework/src/Illuminate/Support/helpers.php(328): Illuminate\\Database\\Console\\Migrations\\MigrateCommand->{closure:Illuminate\\Database\\Console\\Migrations\\MigrateCommand::repositoryExists():166}()
#9 /home/elyas/Projects/Projet_Stage/paie-marin/vendor/laravel/framework/src/Illuminate/Database/Console/Migrations/MigrateCommand.php(166): retry()
#10 /home/elyas/Projects/Projet_Stage/paie-marin/vendor/laravel/framework/src/Illuminate/Database/Console/Migrations/MigrateCommand.php(142): Illuminate\\Database\\Console\\Migrations\\MigrateCommand->repositoryExists()
#11 /home/elyas/Projects/Projet_Stage/paie-marin/vendor/laravel/framework/src/Illuminate/Database/Console/Migrations/MigrateCommand.php(112): Illuminate\\Database\\Console\\Migrations\\MigrateCommand->prepareDatabase()
#12 /home/elyas/Projects/Projet_Stage/paie-marin/vendor/laravel/framework/src/Illuminate/Database/Migrations/Migrator.php(672): Illuminate\\Database\\Console\\Migrations\\MigrateCommand->{closure:Illuminate\\Database\\Console\\Migrations\\MigrateCommand::runMigrations():111}()
#13 /home/elyas/Projects/Projet_Stage/paie-marin/vendor/laravel/framework/src/Illuminate/Database/Console/Migrations/MigrateCommand.php(111): Illuminate\\Database\\Migrations\\Migrator->usingConnection()
#14 /home/elyas/Projects/Projet_Stage/paie-marin/vendor/laravel/framework/src/Illuminate/Database/Console/Migrations/MigrateCommand.php(90): Illuminate\\Database\\Console\\Migrations\\MigrateCommand->runMigrations()
#15 /home/elyas/Projects/Projet_Stage/paie-marin/vendor/laravel/framework/src/Illuminate/Container/BoundMethod.php(36): Illuminate\\Database\\Console\\Migrations\\MigrateCommand->handle()
#16 /home/elyas/Projects/Projet_Stage/paie-marin/vendor/laravel/framework/src/Illuminate/Container/Util.php(43): Illuminate\\Container\\BoundMethod::{closure:Illuminate\\Container\\BoundMethod::call():35}()
#17 /home/elyas/Projects/Projet_Stage/paie-marin/vendor/laravel/framework/src/Illuminate/Container/BoundMethod.php(96): Illuminate\\Container\\Util::unwrapIfClosure()
#18 /home/elyas/Projects/Projet_Stage/paie-marin/vendor/laravel/framework/src/Illuminate/Container/BoundMethod.php(35): Illuminate\\Container\\BoundMethod::callBoundMethod()
#19 /home/elyas/Projects/Projet_Stage/paie-marin/vendor/laravel/framework/src/Illuminate/Container/Container.php(803): Illuminate\\Container\\BoundMethod::call()
#20 /home/elyas/Projects/Projet_Stage/paie-marin/vendor/laravel/framework/src/Illuminate/Console/Command.php(292): Illuminate\\Container\\Container->call()
#21 /home/elyas/Projects/Projet_Stage/paie-marin/vendor/symfony/console/Command/Command.php(285): Illuminate\\Console\\Command->execute()
#22 /home/elyas/Projects/Projet_Stage/paie-marin/vendor/laravel/framework/src/Illuminate/Console/Command.php(261): Symfony\\Component\\Console\\Command\\Command->run()
#23 /home/elyas/Projects/Projet_Stage/paie-marin/vendor/symfony/console/Application.php(1144): Illuminate\\Console\\Command->run()
#24 /home/elyas/Projects/Projet_Stage/paie-marin/vendor/symfony/console/Application.php(379): Symfony\\Component\\Console\\Application->doRunCommand()
#25 /home/elyas/Projects/Projet_Stage/paie-marin/vendor/symfony/console/Application.php(218): Symfony\\Component\\Console\\Application->doRun()
#26 /home/elyas/Projects/Projet_Stage/paie-marin/vendor/laravel/framework/src/Illuminate/Foundation/Console/Kernel.php(198): Symfony\\Component\\Console\\Application->run()
#27 /home/elyas/Projects/Projet_Stage/paie-marin/vendor/laravel/framework/src/Illuminate/Foundation/Application.php(1242): Illuminate\\Foundation\\Console\\Kernel->handle()
#28 /home/elyas/Projects/Projet_Stage/paie-marin/artisan(16): Illuminate\\Foundation\\Application->handleCommand()
#29 {main}

[previous exception] [object] (PDOException(code: 7): SQLSTATE[08006] [7] connection to server at \"127.0.0.1\", port 3306 failed: received invalid response to SSL negotiation: [ at /home/elyas/Projects/Projet_Stage/paie-marin/vendor/laravel/framework/src/Illuminate/Database/Connectors/Connector.php:67)
[stacktrace]
#0 /home/elyas/Projects/Projet_Stage/paie-marin/vendor/laravel/framework/src/Illuminate/Database/Connectors/Connector.php(67): PDO::connect()
#1 /home/elyas/Projects/Projet_Stage/paie-marin/vendor/laravel/framework/src/Illuminate/Database/Connectors/Connector.php(44): Illuminate\\Database\\Connectors\\Connector->createPdoConnection()
#2 /home/elyas/Projects/Projet_Stage/paie-marin/vendor/laravel/framework/src/Illuminate/Database/Connectors/PostgresConnector.php(35): Illuminate\\Database\\Connectors\\Connector->createConnection()
#3 /home/elyas/Projects/Projet_Stage/paie-marin/vendor/laravel/framework/src/Illuminate/Database/Connectors/ConnectionFactory.php(220): Illuminate\\Database\\Connectors\\PostgresConnector->connect()
#4 [internal function]: Illuminate\\Database\\Connectors\\ConnectionFactory->{closure:Illuminate\\Database\\Connectors\\ConnectionFactory::createPdoResolverWithHosts():213}()
#5 /home/elyas/Projects/Projet_Stage/paie-marin/vendor/laravel/framework/src/Illuminate/Database/Connection.php(1298): call_user_func()
#6 /home/elyas/Projects/Projet_Stage/paie-marin/vendor/laravel/framework/src/Illuminate/Database/Connection.php(1336): Illuminate\\Database\\Connection->getPdo()
#7 /home/elyas/Projects/Projet_Stage/paie-marin/vendor/laravel/framework/src/Illuminate/Database/Connection.php(542): Illuminate\\Database\\Connection->getReadPdo()
#8 /home/elyas/Projects/Projet_Stage/paie-marin/vendor/laravel/framework/src/Illuminate/Database/Connection.php(435): Illuminate\\Database\\Connection->getPdoForSelect()
#9 /home/elyas/Projects/Projet_Stage/paie-marin/vendor/laravel/framework/src/Illuminate/Database/Connection.php(846): Illuminate\\Database\\Connection->{closure:Illuminate\\Database\\Connection::select():426}()
#10 /home/elyas/Projects/Projet_Stage/paie-marin/vendor/laravel/framework/src/Illuminate/Database/Connection.php(813): Illuminate\\Database\\Connection->runQueryCallback()
#11 /home/elyas/Projects/Projet_Stage/paie-marin/vendor/laravel/framework/src/Illuminate/Database/Connection.php(426): Illuminate\\Database\\Connection->run()
#12 /home/elyas/Projects/Projet_Stage/paie-marin/vendor/laravel/framework/src/Illuminate/Database/Connection.php(371): Illuminate\\Database\\Connection->select()
#13 /home/elyas/Projects/Projet_Stage/paie-marin/vendor/laravel/framework/src/Illuminate/Database/Connection.php(388): Illuminate\\Database\\Connection->selectOne()
#14 /home/elyas/Projects/Projet_Stage/paie-marin/vendor/laravel/framework/src/Illuminate/Database/Schema/Builder.php(176): Illuminate\\Database\\Connection->scalar()
#15 /home/elyas/Projects/Projet_Stage/paie-marin/vendor/laravel/framework/src/Illuminate/Database/Migrations/DatabaseMigrationRepository.php(185): Illuminate\\Database\\Schema\\Builder->hasTable()
#16 /home/elyas/Projects/Projet_Stage/paie-marin/vendor/laravel/framework/src/Illuminate/Database/Migrations/Migrator.php(797): Illuminate\\Database\\Migrations\\DatabaseMigrationRepository->repositoryExists()
#17 /home/elyas/Projects/Projet_Stage/paie-marin/vendor/laravel/framework/src/Illuminate/Database/Console/Migrations/MigrateCommand.php(166): Illuminate\\Database\\Migrations\\Migrator->repositoryExists()
#18 /home/elyas/Projects/Projet_Stage/paie-marin/vendor/laravel/framework/src/Illuminate/Support/helpers.php(328): Illuminate\\Database\\Console\\Migrations\\MigrateCommand->{closure:Illuminate\\Database\\Console\\Migrations\\MigrateCommand::repositoryExists():166}()
#19 /home/elyas/Projects/Projet_Stage/paie-marin/vendor/laravel/framework/src/Illuminate/Database/Console/Migrations/MigrateCommand.php(166): retry()
#20 /home/elyas/Projects/Projet_Stage/paie-marin/vendor/laravel/framework/src/Illuminate/Database/Console/Migrations/MigrateCommand.php(142): Illuminate\\Database\\Console\\Migrations\\MigrateCommand->repositoryExists()
#21 /home/elyas/Projects/Projet_Stage/paie-marin/vendor/laravel/framework/src/Illuminate/Database/Console/Migrations/MigrateCommand.php(112): Illuminate\\Database\\Console\\Migrations\\MigrateCommand->prepareDatabase()
#22 /home/elyas/Projects/Projet_Stage/paie-marin/vendor/laravel/framework/src/Illuminate/Database/Migrations/Migrator.php(672): Illuminate\\Database\\Console\\Migrations\\MigrateCommand->{closure:Illuminate\\Database\\Console\\Migrations\\MigrateCommand::runMigrations():111}()
#23 /home/elyas/Projects/Projet_Stage/paie-marin/vendor/laravel/framework/src/Illuminate/Database/Console/Migrations/MigrateCommand.php(111): Illuminate\\Database\\Migrations\\Migrator->usingConnection()
#24 /home/elyas/Projects/Projet_Stage/paie-marin/vendor/laravel/framework/src/Illuminate/Database/Console/Migrations/MigrateCommand.php(90): Illuminate\\Database\\Console\\Migrations\\MigrateCommand->runMigrations()
#25 /home/elyas/Projects/Projet_Stage/paie-marin/vendor/laravel/framework/src/Illuminate/Container/BoundMethod.php(36): Illuminate\\Database\\Console\\Migrations\\MigrateCommand->handle()
#26 /home/elyas/Projects/Projet_Stage/paie-marin/vendor/laravel/framework/src/Illuminate/Container/Util.php(43): Illuminate\\Container\\BoundMethod::{closure:Illuminate\\Container\\BoundMethod::call():35}()
#27 /home/elyas/Projects/Projet_Stage/paie-marin/vendor/laravel/framework/src/Illuminate/Container/BoundMethod.php(96): Illuminate\\Container\\Util::unwrapIfClosure()
#28 /home/elyas/Projects/Projet_Stage/paie-marin/vendor/laravel/framework/src/Illuminate/Container/BoundMethod.php(35): Illuminate\\Container\\BoundMethod::callBoundMethod()
#29 /home/elyas/Projects/Projet_Stage/paie-marin/vendor/laravel/framework/src/Illuminate/Container/Container.php(803): Illuminate\\Container\\BoundMethod::call()
#30 /home/elyas/Projects/Projet_Stage/paie-marin/vendor/laravel/framework/src/Illuminate/Console/Command.php(292): Illuminate\\Container\\Container->call()
#31 /home/elyas/Projects/Projet_Stage/paie-marin/vendor/symfony/console/Command/Command.php(285): Illuminate\\Console\\Command->execute()
#32 /home/elyas/Projects/Projet_Stage/paie-marin/vendor/laravel/framework/src/Illuminate/Console/Command.php(261): Symfony\\Component\\Console\\Command\\Command->run()
#33 /home/elyas/Projects/Projet_Stage/paie-marin/vendor/symfony/console/Application.php(1144): Illuminate\\Console\\Command->run()
#34 /home/elyas/Projects/Projet_Stage/paie-marin/vendor/symfony/console/Application.php(379): Symfony\\Component\\Console\\Application->doRunCommand()
#35 /home/elyas/Projects/Projet_Stage/paie-marin/vendor/symfony/console/Application.php(218): Symfony\\Component\\Console\\Application->doRun()
#36 /home/elyas/Projects/Projet_Stage/paie-marin/vendor/laravel/framework/src/Illuminate/Foundation/Console/Kernel.php(198): Symfony\\Component\\Console\\Application->run()
#37 /home/elyas/Projects/Projet_Stage/paie-marin/vendor/laravel/framework/src/Illuminate/Foundation/Application.php(1242): Illuminate\\Foundation\\Console\\Kernel->handle()
#38 /home/elyas/Projects/Projet_Stage/paie-marin/artisan(16): Illuminate\\Foundation\\Application->handleCommand()
#39 {main}
"} 
[2026-08-31 18:02:33] local.ERROR: SQLSTATE[42P07]: Duplicate table: 7 ERROR:  relation "personal_access_tokens" already exists (Connection: pgsql, Host: 127.0.0.1, Port: 5432, Database: paie, SQL: create table "personal_access_tokens" ("id" bigserial not null primary key, "tokenable_type" varchar(255) not null, "tokenable_id" bigint not null, "name" text not null, "token" varchar(64) not null, "abilities" text null, "last_used_at" timestamp(0) without time zone null, "expires_at" timestamp(0) without time zone null, "created_at" timestamp(0) without time zone null, "updated_at" timestamp(0) without time zone null)) {"exception":"[object] (Illuminate\\Database\\QueryException(code: 42P07): SQLSTATE[42P07]: Duplicate table: 7 ERROR:  relation \"personal_access_tokens\" already exists (Connection: pgsql, Host: 127.0.0.1, Port: 5432, Database: paie, SQL: create table \"personal_access_tokens\" (\"id\" bigserial not null primary key, \"tokenable_type\" varchar(255) not null, \"tokenable_id\" bigint not null, \"name\" text not null, \"token\" varchar(64) not null, \"abilities\" text null, \"last_used_at\" timestamp(0) without time zone null, \"expires_at\" timestamp(0) without time zone null, \"created_at\" timestamp(0) without time zone null, \"updated_at\" timestamp(0) without time zone null)) at /home/elyas/Projects/Projet_Stage/paie-marin/vendor/laravel/framework/src/Illuminate/Database/Connection.php:857)
[stacktrace]
#0 /home/elyas/Projects/Projet_Stage/paie-marin/vendor/laravel/framework/src/Illuminate/Database/Connection.php(813): Illuminate\\Database\\Connection->runQueryCallback()
#1 /home/elyas/Projects/Projet_Stage/paie-marin/vendor/laravel/framework/src/Illuminate/Database/Connection.php(590): Illuminate\\Database\\Connection->run()
#2 /home/elyas/Projects/Projet_Stage/paie-marin/vendor/laravel/framework/src/Illuminate/Database/Schema/Blueprint.php(122): Illuminate\\Database\\Connection->statement()
#3 /home/elyas/Projects/Projet_Stage/paie-marin/vendor/laravel/framework/src/Illuminate/Database/Schema/Builder.php(702): Illuminate\\Database\\Schema\\Blueprint->build()
#4 /home/elyas/Projects/Projet_Stage/paie-marin/vendor/laravel/framework/src/Illuminate/Database/Schema/Builder.php(520): Illuminate\\Database\\Schema\\Builder->build()
#5 /home/elyas/Projects/Projet_Stage/paie-marin/vendor/laravel/framework/src/Illuminate/Support/Facades/Facade.php(364): Illuminate\\Database\\Schema\\Builder->create()
#6 /home/elyas/Projects/Projet_Stage/paie-marin/database/migrations/2026_08_31_180146_create_personal_access_tokens_table.php(14): Illuminate\\Support\\Facades\\Facade::__callStatic()
#7 /home/elyas/Projects/Projet_Stage/paie-marin/vendor/laravel/framework/src/Illuminate/Database/Migrations/Migrator.php(517): Illuminate\\Database\\Migrations\\Migration@anonymous->up()
#8 /home/elyas/Projects/Projet_Stage/paie-marin/vendor/laravel/framework/src/Illuminate/Database/Migrations/Migrator.php(442): Illuminate\\Database\\Migrations\\Migrator->runMethod()
#9 /home/elyas/Projects/Projet_Stage/paie-marin/vendor/laravel/framework/src/Illuminate/Database/Concerns/ManagesTransactions.php(35): Illuminate\\Database\\Migrations\\Migrator->{closure:Illuminate\\Database\\Migrations\\Migrator::runMigration():438}()
#10 /home/elyas/Projects/Projet_Stage/paie-marin/vendor/laravel/framework/src/Illuminate/Database/Migrations/Migrator.php(450): Illuminate\\Database\\Connection->transaction()
#11 /home/elyas/Projects/Projet_Stage/paie-marin/vendor/laravel/framework/src/Illuminate/Database/Migrations/Migrator.php(253): Illuminate\\Database\\Migrations\\Migrator->runMigration()
#12 /home/elyas/Projects/Projet_Stage/paie-marin/vendor/laravel/framework/src/Illuminate/Console/View/Components/Task.php(43): Illuminate\\Database\\Migrations\\Migrator->{closure:Illuminate\\Database\\Migrations\\Migrator::runUp():253}()
#13 /home/elyas/Projects/Projet_Stage/paie-marin/vendor/laravel/framework/src/Illuminate/Database/Migrations/Migrator.php(853): Illuminate\\Console\\View\\Components\\Task->render()
#14 /home/elyas/Projects/Projet_Stage/paie-marin/vendor/laravel/framework/src/Illuminate/Database/Migrations/Migrator.php(253): Illuminate\\Database\\Migrations\\Migrator->write()
#15 /home/elyas/Projects/Projet_Stage/paie-marin/vendor/laravel/framework/src/Illuminate/Database/Migrations/Migrator.php(211): Illuminate\\Database\\Migrations\\Migrator->runUp()
#16 /home/elyas/Projects/Projet_Stage/paie-marin/vendor/laravel/framework/src/Illuminate/Database/Migrations/Migrator.php(138): Illuminate\\Database\\Migrations\\Migrator->runPending()
#17 /home/elyas/Projects/Projet_Stage/paie-marin/vendor/laravel/framework/src/Illuminate/Database/Console/Migrations/MigrateCommand.php(118): Illuminate\\Database\\Migrations\\Migrator->run()
#18 /home/elyas/Projects/Projet_Stage/paie-marin/vendor/laravel/framework/src/Illuminate/Database/Migrations/Migrator.php(672): Illuminate\\Database\\Console\\Migrations\\MigrateCommand->{closure:Illuminate\\Database\\Console\\Migrations\\MigrateCommand::runMigrations():111}()
#19 /home/elyas/Projects/Projet_Stage/paie-marin/vendor/laravel/framework/src/Illuminate/Database/Console/Migrations/MigrateCommand.php(111): Illuminate\\Database\\Migrations\\Migrator->usingConnection()
#20 /home/elyas/Projects/Projet_Stage/paie-marin/vendor/laravel/framework/src/Illuminate/Database/Console/Migrations/MigrateCommand.php(90): Illuminate\\Database\\Console\\Migrations\\MigrateCommand->runMigrations()
#21 /home/elyas/Projects/Projet_Stage/paie-marin/vendor/laravel/framework/src/Illuminate/Container/BoundMethod.php(36): Illuminate\\Database\\Console\\Migrations\\MigrateCommand->handle()
#22 /home/elyas/Projects/Projet_Stage/paie-marin/vendor/laravel/framework/src/Illuminate/Container/Util.php(43): Illuminate\\Container\\BoundMethod::{closure:Illuminate\\Container\\BoundMethod::call():35}()
#23 /home/elyas/Projects/Projet_Stage/paie-marin/vendor/laravel/framework/src/Illuminate/Container/BoundMethod.php(96): Illuminate\\Container\\Util::unwrapIfClosure()
#24 /home/elyas/Projects/Projet_Stage/paie-marin/vendor/laravel/framework/src/Illuminate/Container/BoundMethod.php(35): Illuminate\\Container\\BoundMethod::callBoundMethod()
#25 /home/elyas/Projects/Projet_Stage/paie-marin/vendor/laravel/framework/src/Illuminate/Container/Container.php(803): Illuminate\\Container\\BoundMethod::call()
#26 /home/elyas/Projects/Projet_Stage/paie-marin/vendor/laravel/framework/src/Illuminate/Console/Command.php(292): Illuminate\\Container\\Container->call()
#27 /home/elyas/Projects/Projet_Stage/paie-marin/vendor/symfony/console/Command/Command.php(285): Illuminate\\Console\\Command->execute()
#28 /home/elyas/Projects/Projet_Stage/paie-marin/vendor/laravel/framework/src/Illuminate/Console/Command.php(261): Symfony\\Component\\Console\\Command\\Command->run()
#29 /home/elyas/Projects/Projet_Stage/paie-marin/vendor/symfony/console/Application.php(1144): Illuminate\\Console\\Command->run()
#30 /home/elyas/Projects/Projet_Stage/paie-marin/vendor/symfony/console/Application.php(379): Symfony\\Component\\Console\\Application->doRunCommand()
#31 /home/elyas/Projects/Projet_Stage/paie-marin/vendor/symfony/console/Application.php(218): Symfony\\Component\\Console\\Application->doRun()
#32 /home/elyas/Projects/Projet_Stage/paie-marin/vendor/laravel/framework/src/Illuminate/Foundation/Console/Kernel.php(198): Symfony\\Component\\Console\\Application->run()
#33 /home/elyas/Projects/Projet_Stage/paie-marin/vendor/laravel/framework/src/Illuminate/Foundation/Application.php(1242): Illuminate\\Foundation\\Console\\Kernel->handle()
#34 /home/elyas/Projects/Projet_Stage/paie-marin/artisan(16): Illuminate\\Foundation\\Application->handleCommand()
#35 {main}

[previous exception] [object] (PDOException(code: 42P07): SQLSTATE[42P07]: Duplicate table: 7 ERROR:  relation \"personal_access_tokens\" already exists at /home/elyas/Projects/Projet_Stage/paie-marin/vendor/laravel/framework/src/Illuminate/Database/Connection.php:601)
[stacktrace]
#0 /home/elyas/Projects/Projet_Stage/paie-marin/vendor/laravel/framework/src/Illuminate/Database/Connection.php(601): PDOStatement->execute()
#1 /home/elyas/Projects/Projet_Stage/paie-marin/vendor/laravel/framework/src/Illuminate/Database/Connection.php(846): Illuminate\\Database\\Connection->{closure:Illuminate\\Database\\Connection::statement():590}()
#2 /home/elyas/Projects/Projet_Stage/paie-marin/vendor/laravel/framework/src/Illuminate/Database/Connection.php(813): Illuminate\\Database\\Connection->runQueryCallback()
#3 /home/elyas/Projects/Projet_Stage/paie-marin/vendor/laravel/framework/src/Illuminate/Database/Connection.php(590): Illuminate\\Database\\Connection->run()
#4 /home/elyas/Projects/Projet_Stage/paie-marin/vendor/laravel/framework/src/Illuminate/Database/Schema/Blueprint.php(122): Illuminate\\Database\\Connection->statement()
#5 /home/elyas/Projects/Projet_Stage/paie-marin/vendor/laravel/framework/src/Illuminate/Database/Schema/Builder.php(702): Illuminate\\Database\\Schema\\Blueprint->build()
#6 /home/elyas/Projects/Projet_Stage/paie-marin/vendor/laravel/framework/src/Illuminate/Database/Schema/Builder.php(520): Illuminate\\Database\\Schema\\Builder->build()
#7 /home/elyas/Projects/Projet_Stage/paie-marin/vendor/laravel/framework/src/Illuminate/Support/Facades/Facade.php(364): Illuminate\\Database\\Schema\\Builder->create()
#8 /home/elyas/Projects/Projet_Stage/paie-marin/database/migrations/2026_08_31_180146_create_personal_access_tokens_table.php(14): Illuminate\\Support\\Facades\\Facade::__callStatic()
#9 /home/elyas/Projects/Projet_Stage/paie-marin/vendor/laravel/framework/src/Illuminate/Database/Migrations/Migrator.php(517): Illuminate\\Database\\Migrations\\Migration@anonymous->up()
#10 /home/elyas/Projects/Projet_Stage/paie-marin/vendor/laravel/framework/src/Illuminate/Database/Migrations/Migrator.php(442): Illuminate\\Database\\Migrations\\Migrator->runMethod()
#11 /home/elyas/Projects/Projet_Stage/paie-marin/vendor/laravel/framework/src/Illuminate/Database/Concerns/ManagesTransactions.php(35): Illuminate\\Database\\Migrations\\Migrator->{closure:Illuminate\\Database\\Migrations\\Migrator::runMigration():438}()
#12 /home/elyas/Projects/Projet_Stage/paie-marin/vendor/laravel/framework/src/Illuminate/Database/Migrations/Migrator.php(450): Illuminate\\Database\\Connection->transaction()
#13 /home/elyas/Projects/Projet_Stage/paie-marin/vendor/laravel/framework/src/Illuminate/Database/Migrations/Migrator.php(253): Illuminate\\Database\\Migrations\\Migrator->runMigration()
#14 /home/elyas/Projects/Projet_Stage/paie-marin/vendor/laravel/framework/src/Illuminate/Console/View/Components/Task.php(43): Illuminate\\Database\\Migrations\\Migrator->{closure:Illuminate\\Database\\Migrations\\Migrator::runUp():253}()
#15 /home/elyas/Projects/Projet_Stage/paie-marin/vendor/laravel/framework/src/Illuminate/Database/Migrations/Migrator.php(853): Illuminate\\Console\\View\\Components\\Task->render()
#16 /home/elyas/Projects/Projet_Stage/paie-marin/vendor/laravel/framework/src/Illuminate/Database/Migrations/Migrator.php(253): Illuminate\\Database\\Migrations\\Migrator->write()
#17 /home/elyas/Projects/Projet_Stage/paie-marin/vendor/laravel/framework/src/Illuminate/Database/Migrations/Migrator.php(211): Illuminate\\Database\\Migrations\\Migrator->runUp()
#18 /home/elyas/Projects/Projet_Stage/paie-marin/vendor/laravel/framework/src/Illuminate/Database/Migrations/Migrator.php(138): Illuminate\\Database\\Migrations\\Migrator->runPending()
#19 /home/elyas/Projects/Projet_Stage/paie-marin/vendor/laravel/framework/src/Illuminate/Database/Console/Migrations/MigrateCommand.php(118): Illuminate\\Database\\Migrations\\Migrator->run()
#20 /home/elyas/Projects/Projet_Stage/paie-marin/vendor/laravel/framework/src/Illuminate/Database/Migrations/Migrator.php(672): Illuminate\\Database\\Console\\Migrations\\MigrateCommand->{closure:Illuminate\\Database\\Console\\Migrations\\MigrateCommand::runMigrations():111}()
#21 /home/elyas/Projects/Projet_Stage/paie-marin/vendor/laravel/framework/src/Illuminate/Database/Console/Migrations/MigrateCommand.php(111): Illuminate\\Database\\Migrations\\Migrator->usingConnection()
#22 /home/elyas/Projects/Projet_Stage/paie-marin/vendor/laravel/framework/src/Illuminate/Database/Console/Migrations/MigrateCommand.php(90): Illuminate\\Database\\Console\\Migrations\\MigrateCommand->runMigrations()
#23 /home/elyas/Projects/Projet_Stage/paie-marin/vendor/laravel/framework/src/Illuminate/Container/BoundMethod.php(36): Illuminate\\Database\\Console\\Migrations\\MigrateCommand->handle()
#24 /home/elyas/Projects/Projet_Stage/paie-marin/vendor/laravel/framework/src/Illuminate/Container/Util.php(43): Illuminate\\Container\\BoundMethod::{closure:Illuminate\\Container\\BoundMethod::call():35}()
#25 /home/elyas/Projects/Projet_Stage/paie-marin/vendor/laravel/framework/src/Illuminate/Container/BoundMethod.php(96): Illuminate\\Container\\Util::unwrapIfClosure()
#26 /home/elyas/Projects/Projet_Stage/paie-marin/vendor/laravel/framework/src/Illuminate/Container/BoundMethod.php(35): Illuminate\\Container\\BoundMethod::callBoundMethod()
#27 /home/elyas/Projects/Projet_Stage/paie-marin/vendor/laravel/framework/src/Illuminate/Container/Container.php(803): Illuminate\\Container\\BoundMethod::call()
#28 /home/elyas/Projects/Projet_Stage/paie-marin/vendor/laravel/framework/src/Illuminate/Console/Command.php(292): Illuminate\\Container\\Container->call()
#29 /home/elyas/Projects/Projet_Stage/paie-marin/vendor/symfony/console/Command/Command.php(285): Illuminate\\Console\\Command->execute()
#30 /home/elyas/Projects/Projet_Stage/paie-marin/vendor/laravel/framework/src/Illuminate/Console/Command.php(261): Symfony\\Component\\Console\\Command\\Command->run()
#31 /home/elyas/Projects/Projet_Stage/paie-marin/vendor/symfony/console/Application.php(1144): Illuminate\\Console\\Command->run()
#32 /home/elyas/Projects/Projet_Stage/paie-marin/vendor/symfony/console/Application.php(379): Symfony\\Component\\Console\\Application->doRunCommand()
#33 /home/elyas/Projects/Projet_Stage/paie-marin/vendor/symfony/console/Application.php(218): Symfony\\Component\\Console\\Application->doRun()
#34 /home/elyas/Projects/Projet_Stage/paie-marin/vendor/laravel/framework/src/Illuminate/Foundation/Console/Kernel.php(198): Symfony\\Component\\Console\\Application->run()
#35 /home/elyas/Projects/Projet_Stage/paie-marin/vendor/laravel/framework/src/Illuminate/Foundation/Application.php(1242): Illuminate\\Foundation\\Console\\Kernel->handle()
#36 /home/elyas/Projects/Projet_Stage/paie-marin/artisan(16): Illuminate\\Foundation\\Application->handleCommand()
#37 {main}
"} 
[2026-09-01 05:51:21] local.ERROR: SQLSTATE[42P01]: Undefined table: 7 ERROR:  relation "paies" does not exist (Connection: pgsql, Host: 127.0.0.1, Port: 5432, Database: paie, SQL: alter table "bulletins_paie" add constraint "bulletins_paie_paie_id_foreign" foreign key ("paie_id") references "paies" ("id") on delete cascade) {"exception":"[object] (Illuminate\\Database\\QueryException(code: 42P01): SQLSTATE[42P01]: Undefined table: 7 ERROR:  relation \"paies\" does not exist (Connection: pgsql, Host: 127.0.0.1, Port: 5432, Database: paie, SQL: alter table \"bulletins_paie\" add constraint \"bulletins_paie_paie_id_foreign\" foreign key (\"paie_id\") references \"paies\" (\"id\") on delete cascade) at /home/elyas/Projects/Projet_Stage/paie-marin/vendor/laravel/framework/src/Illuminate/Database/Connection.php:857)
[stacktrace]
#0 /home/elyas/Projects/Projet_Stage/paie-marin/vendor/laravel/framework/src/Illuminate/Database/Connection.php(813): Illuminate\\Database\\Connection->runQueryCallback()
#1 /home/elyas/Projects/Projet_Stage/paie-marin/vendor/laravel/framework/src/Illuminate/Database/Connection.php(590): Illuminate\\Database\\Connection->run()
#2 /home/elyas/Projects/Projet_Stage/paie-marin/vendor/laravel/framework/src/Illuminate/Database/Schema/Blueprint.php(122): Illuminate\\Database\\Connection->statement()
#3 /home/elyas/Projects/Projet_Stage/paie-marin/vendor/laravel/framework/src/Illuminate/Database/Schema/Builder.php(702): Illuminate\\Database\\Schema\\Blueprint->build()
#4 /home/elyas/Projects/Projet_Stage/paie-marin/vendor/laravel/framework/src/Illuminate/Database/Schema/Builder.php(520): Illuminate\\Database\\Schema\\Builder->build()
#5 /home/elyas/Projects/Projet_Stage/paie-marin/vendor/laravel/framework/src/Illuminate/Support/Facades/Facade.php(364): Illuminate\\Database\\Schema\\Builder->create()
#6 /home/elyas/Projects/Projet_Stage/paie-marin/database/migrations/2026_08_31_185516_create_bulletin_paie_table.php(14): Illuminate\\Support\\Facades\\Facade::__callStatic()
#7 /home/elyas/Projects/Projet_Stage/paie-marin/vendor/laravel/framework/src/Illuminate/Database/Migrations/Migrator.php(517): Illuminate\\Database\\Migrations\\Migration@anonymous->up()
#8 /home/elyas/Projects/Projet_Stage/paie-marin/vendor/laravel/framework/src/Illuminate/Database/Migrations/Migrator.php(442): Illuminate\\Database\\Migrations\\Migrator->runMethod()
#9 /home/elyas/Projects/Projet_Stage/paie-marin/vendor/laravel/framework/src/Illuminate/Database/Concerns/ManagesTransactions.php(35): Illuminate\\Database\\Migrations\\Migrator->{closure:Illuminate\\Database\\Migrations\\Migrator::runMigration():438}()
#10 /home/elyas/Projects/Projet_Stage/paie-marin/vendor/laravel/framework/src/Illuminate/Database/Migrations/Migrator.php(450): Illuminate\\Database\\Connection->transaction()
#11 /home/elyas/Projects/Projet_Stage/paie-marin/vendor/laravel/framework/src/Illuminate/Database/Migrations/Migrator.php(253): Illuminate\\Database\\Migrations\\Migrator->runMigration()
#12 /home/elyas/Projects/Projet_Stage/paie-marin/vendor/laravel/framework/src/Illuminate/Console/View/Components/Task.php(43): Illuminate\\Database\\Migrations\\Migrator->{closure:Illuminate\\Database\\Migrations\\Migrator::runUp():253}()
#13 /home/elyas/Projects/Projet_Stage/paie-marin/vendor/laravel/framework/src/Illuminate/Database/Migrations/Migrator.php(853): Illuminate\\Console\\View\\Components\\Task->render()
#14 /home/elyas/Projects/Projet_Stage/paie-marin/vendor/laravel/framework/src/Illuminate/Database/Migrations/Migrator.php(253): Illuminate\\Database\\Migrations\\Migrator->write()
#15 /home/elyas/Projects/Projet_Stage/paie-marin/vendor/laravel/framework/src/Illuminate/Database/Migrations/Migrator.php(211): Illuminate\\Database\\Migrations\\Migrator->runUp()
#16 /home/elyas/Projects/Projet_Stage/paie-marin/vendor/laravel/framework/src/Illuminate/Database/Migrations/Migrator.php(138): Illuminate\\Database\\Migrations\\Migrator->runPending()
#17 /home/elyas/Projects/Projet_Stage/paie-marin/vendor/laravel/framework/src/Illuminate/Database/Console/Migrations/MigrateCommand.php(118): Illuminate\\Database\\Migrations\\Migrator->run()
#18 /home/elyas/Projects/Projet_Stage/paie-marin/vendor/laravel/framework/src/Illuminate/Database/Migrations/Migrator.php(672): Illuminate\\Database\\Console\\Migrations\\MigrateCommand->{closure:Illuminate\\Database\\Console\\Migrations\\MigrateCommand::runMigrations():111}()
#19 /home/elyas/Projects/Projet_Stage/paie-marin/vendor/laravel/framework/src/Illuminate/Database/Console/Migrations/MigrateCommand.php(111): Illuminate\\Database\\Migrations\\Migrator->usingConnection()
#20 /home/elyas/Projects/Projet_Stage/paie-marin/vendor/laravel/framework/src/Illuminate/Database/Console/Migrations/MigrateCommand.php(90): Illuminate\\Database\\Console\\Migrations\\MigrateCommand->runMigrations()
#21 /home/elyas/Projects/Projet_Stage/paie-marin/vendor/laravel/framework/src/Illuminate/Container/BoundMethod.php(36): Illuminate\\Database\\Console\\Migrations\\MigrateCommand->handle()
#22 /home/elyas/Projects/Projet_Stage/paie-marin/vendor/laravel/framework/src/Illuminate/Container/Util.php(43): Illuminate\\Container\\BoundMethod::{closure:Illuminate\\Container\\BoundMethod::call():35}()
#23 /home/elyas/Projects/Projet_Stage/paie-marin/vendor/laravel/framework/src/Illuminate/Container/BoundMethod.php(96): Illuminate\\Container\\Util::unwrapIfClosure()
#24 /home/elyas/Projects/Projet_Stage/paie-marin/vendor/laravel/framework/src/Illuminate/Container/BoundMethod.php(35): Illuminate\\Container\\BoundMethod::callBoundMethod()
#25 /home/elyas/Projects/Projet_Stage/paie-marin/vendor/laravel/framework/src/Illuminate/Container/Container.php(803): Illuminate\\Container\\BoundMethod::call()
#26 /home/elyas/Projects/Projet_Stage/paie-marin/vendor/laravel/framework/src/Illuminate/Console/Command.php(292): Illuminate\\Container\\Container->call()
#27 /home/elyas/Projects/Projet_Stage/paie-marin/vendor/symfony/console/Command/Command.php(285): Illuminate\\Console\\Command->execute()
#28 /home/elyas/Projects/Projet_Stage/paie-marin/vendor/laravel/framework/src/Illuminate/Console/Command.php(261): Symfony\\Component\\Console\\Command\\Command->run()
#29 /home/elyas/Projects/Projet_Stage/paie-marin/vendor/symfony/console/Application.php(1144): Illuminate\\Console\\Command->run()
#30 /home/elyas/Projects/Projet_Stage/paie-marin/vendor/symfony/console/Application.php(379): Symfony\\Component\\Console\\Application->doRunCommand()
#31 /home/elyas/Projects/Projet_Stage/paie-marin/vendor/symfony/console/Application.php(218): Symfony\\Component\\Console\\Application->doRun()
#32 /home/elyas/Projects/Projet_Stage/paie-marin/vendor/laravel/framework/src/Illuminate/Foundation/Console/Kernel.php(198): Symfony\\Component\\Console\\Application->run()
#33 /home/elyas/Projects/Projet_Stage/paie-marin/vendor/laravel/framework/src/Illuminate/Foundation/Application.php(1242): Illuminate\\Foundation\\Console\\Kernel->handle()
#34 /home/elyas/Projects/Projet_Stage/paie-marin/artisan(16): Illuminate\\Foundation\\Application->handleCommand()
#35 {main}

[previous exception] [object] (PDOException(code: 42P01): SQLSTATE[42P01]: Undefined table: 7 ERROR:  relation \"paies\" does not exist at /home/elyas/Projects/Projet_Stage/paie-marin/vendor/laravel/framework/src/Illuminate/Database/Connection.php:601)
[stacktrace]
#0 /home/elyas/Projects/Projet_Stage/paie-marin/vendor/laravel/framework/src/Illuminate/Database/Connection.php(601): PDOStatement->execute()
#1 /home/elyas/Projects/Projet_Stage/paie-marin/vendor/laravel/framework/src/Illuminate/Database/Connection.php(846): Illuminate\\Database\\Connection->{closure:Illuminate\\Database\\Connection::statement():590}()
#2 /home/elyas/Projects/Projet_Stage/paie-marin/vendor/laravel/framework/src/Illuminate/Database/Connection.php(813): Illuminate\\Database\\Connection->runQueryCallback()
#3 /home/elyas/Projects/Projet_Stage/paie-marin/vendor/laravel/framework/src/Illuminate/Database/Connection.php(590): Illuminate\\Database\\Connection->run()
#4 /home/elyas/Projects/Projet_Stage/paie-marin/vendor/laravel/framework/src/Illuminate/Database/Schema/Blueprint.php(122): Illuminate\\Database\\Connection->statement()
#5 /home/elyas/Projects/Projet_Stage/paie-marin/vendor/laravel/framework/src/Illuminate/Database/Schema/Builder.php(702): Illuminate\\Database\\Schema\\Blueprint->build()
#6 /home/elyas/Projects/Projet_Stage/paie-marin/vendor/laravel/framework/src/Illuminate/Database/Schema/Builder.php(520): Illuminate\\Database\\Schema\\Builder->build()
#7 /home/elyas/Projects/Projet_Stage/paie-marin/vendor/laravel/framework/src/Illuminate/Support/Facades/Facade.php(364): Illuminate\\Database\\Schema\\Builder->create()
#8 /home/elyas/Projects/Projet_Stage/paie-marin/database/migrations/2026_08_31_185516_create_bulletin_paie_table.php(14): Illuminate\\Support\\Facades\\Facade::__callStatic()
#9 /home/elyas/Projects/Projet_Stage/paie-marin/vendor/laravel/framework/src/Illuminate/Database/Migrations/Migrator.php(517): Illuminate\\Database\\Migrations\\Migration@anonymous->up()
#10 /home/elyas/Projects/Projet_Stage/paie-marin/vendor/laravel/framework/src/Illuminate/Database/Migrations/Migrator.php(442): Illuminate\\Database\\Migrations\\Migrator->runMethod()
#11 /home/elyas/Projects/Projet_Stage/paie-marin/vendor/laravel/framework/src/Illuminate/Database/Concerns/ManagesTransactions.php(35): Illuminate\\Database\\Migrations\\Migrator->{closure:Illuminate\\Database\\Migrations\\Migrator::runMigration():438}()
#12 /home/elyas/Projects/Projet_Stage/paie-marin/vendor/laravel/framework/src/Illuminate/Database/Migrations/Migrator.php(450): Illuminate\\Database\\Connection->transaction()
#13 /home/elyas/Projects/Projet_Stage/paie-marin/vendor/laravel/framework/src/Illuminate/Database/Migrations/Migrator.php(253): Illuminate\\Database\\Migrations\\Migrator->runMigration()
#14 /home/elyas/Projects/Projet_Stage/paie-marin/vendor/laravel/framework/src/Illuminate/Console/View/Components/Task.php(43): Illuminate\\Database\\Migrations\\Migrator->{closure:Illuminate\\Database\\Migrations\\Migrator::runUp():253}()
#15 /home/elyas/Projects/Projet_Stage/paie-marin/vendor/laravel/framework/src/Illuminate/Database/Migrations/Migrator.php(853): Illuminate\\Console\\View\\Components\\Task->render()
#16 /home/elyas/Projects/Projet_Stage/paie-marin/vendor/laravel/framework/src/Illuminate/Database/Migrations/Migrator.php(253): Illuminate\\Database\\Migrations\\Migrator->write()
#17 /home/elyas/Projects/Projet_Stage/paie-marin/vendor/laravel/framework/src/Illuminate/Database/Migrations/Migrator.php(211): Illuminate\\Database\\Migrations\\Migrator->runUp()
#18 /home/elyas/Projects/Projet_Stage/paie-marin/vendor/laravel/framework/src/Illuminate/Database/Migrations/Migrator.php(138): Illuminate\\Database\\Migrations\\Migrator->runPending()
#19 /home/elyas/Projects/Projet_Stage/paie-marin/vendor/laravel/framework/src/Illuminate/Database/Console/Migrations/MigrateCommand.php(118): Illuminate\\Database\\Migrations\\Migrator->run()
#20 /home/elyas/Projects/Projet_Stage/paie-marin/vendor/laravel/framework/src/Illuminate/Database/Migrations/Migrator.php(672): Illuminate\\Database\\Console\\Migrations\\MigrateCommand->{closure:Illuminate\\Database\\Console\\Migrations\\MigrateCommand::runMigrations():111}()
#21 /home/elyas/Projects/Projet_Stage/paie-marin/vendor/laravel/framework/src/Illuminate/Database/Console/Migrations/MigrateCommand.php(111): Illuminate\\Database\\Migrations\\Migrator->usingConnection()
#22 /home/elyas/Projects/Projet_Stage/paie-marin/vendor/laravel/framework/src/Illuminate/Database/Console/Migrations/MigrateCommand.php(90): Illuminate\\Database\\Console\\Migrations\\MigrateCommand->runMigrations()
#23 /home/elyas/Projects/Projet_Stage/paie-marin/vendor/laravel/framework/src/Illuminate/Container/BoundMethod.php(36): Illuminate\\Database\\Console\\Migrations\\MigrateCommand->handle()
#24 /home/elyas/Projects/Projet_Stage/paie-marin/vendor/laravel/framework/src/Illuminate/Container/Util.php(43): Illuminate\\Container\\BoundMethod::{closure:Illuminate\\Container\\BoundMethod::call():35}()
#25 /home/elyas/Projects/Projet_Stage/paie-marin/vendor/laravel/framework/src/Illuminate/Container/BoundMethod.php(96): Illuminate\\Container\\Util::unwrapIfClosure()
#26 /home/elyas/Projects/Projet_Stage/paie-marin/vendor/laravel/framework/src/Illuminate/Container/BoundMethod.php(35): Illuminate\\Container\\BoundMethod::callBoundMethod()
#27 /home/elyas/Projects/Projet_Stage/paie-marin/vendor/laravel/framework/src/Illuminate/Container/Container.php(803): Illuminate\\Container\\BoundMethod::call()
#28 /home/elyas/Projects/Projet_Stage/paie-marin/vendor/laravel/framework/src/Illuminate/Console/Command.php(292): Illuminate\\Container\\Container->call()
#29 /home/elyas/Projects/Projet_Stage/paie-marin/vendor/symfony/console/Command/Command.php(285): Illuminate\\Console\\Command->execute()
#30 /home/elyas/Projects/Projet_Stage/paie-marin/vendor/laravel/framework/src/Illuminate/Console/Command.php(261): Symfony\\Component\\Console\\Command\\Command->run()
#31 /home/elyas/Projects/Projet_Stage/paie-marin/vendor/symfony/console/Application.php(1144): Illuminate\\Console\\Command->run()
#32 /home/elyas/Projects/Projet_Stage/paie-marin/vendor/symfony/console/Application.php(379): Symfony\\Component\\Console\\Application->doRunCommand()
#33 /home/elyas/Projects/Projet_Stage/paie-marin/vendor/symfony/console/Application.php(218): Symfony\\Component\\Console\\Application->doRun()
#34 /home/elyas/Projects/Projet_Stage/paie-marin/vendor/laravel/framework/src/Illuminate/Foundation/Console/Kernel.php(198): Symfony\\Component\\Console\\Application->run()
#35 /home/elyas/Projects/Projet_Stage/paie-marin/vendor/laravel/framework/src/Illuminate/Foundation/Application.php(1242): Illuminate\\Foundation\\Console\\Kernel->handle()
#36 /home/elyas/Projects/Projet_Stage/paie-marin/artisan(16): Illuminate\\Foundation\\Application->handleCommand()
#37 {main}
"} 
[2026-09-01 05:53:45] local.ERROR: SQLSTATE[42703]: Undefined column: 7 ERROR:  column "paie_id" does not exist (Connection: pgsql, Host: 127.0.0.1, Port: 5432, Database: paie, SQL: create index "bulletins_paie_paie_id_employe_id_index" on "bulletins_paie" ("paie_id", "employe_id")) {"exception":"[object] (Illuminate\\Database\\QueryException(code: 42703): SQLSTATE[42703]: Undefined column: 7 ERROR:  column \"paie_id\" does not exist (Connection: pgsql, Host: 127.0.0.1, Port: 5432, Database: paie, SQL: create index \"bulletins_paie_paie_id_employe_id_index\" on \"bulletins_paie\" (\"paie_id\", \"employe_id\")) at /home/elyas/Projects/Projet_Stage/paie-marin/vendor/laravel/framework/src/Illuminate/Database/Connection.php:857)
[stacktrace]
#0 /home/elyas/Projects/Projet_Stage/paie-marin/vendor/laravel/framework/src/Illuminate/Database/Connection.php(813): Illuminate\\Database\\Connection->runQueryCallback()
#1 /home/elyas/Projects/Projet_Stage/paie-marin/vendor/laravel/framework/src/Illuminate/Database/Connection.php(590): Illuminate\\Database\\Connection->run()
#2 /home/elyas/Projects/Projet_Stage/paie-marin/vendor/laravel/framework/src/Illuminate/Database/Schema/Blueprint.php(122): Illuminate\\Database\\Connection->statement()
#3 /home/elyas/Projects/Projet_Stage/paie-marin/vendor/laravel/framework/src/Illuminate/Database/Schema/Builder.php(702): Illuminate\\Database\\Schema\\Blueprint->build()
#4 /home/elyas/Projects/Projet_Stage/paie-marin/vendor/laravel/framework/src/Illuminate/Database/Schema/Builder.php(520): Illuminate\\Database\\Schema\\Builder->build()
#5 /home/elyas/Projects/Projet_Stage/paie-marin/vendor/laravel/framework/src/Illuminate/Support/Facades/Facade.php(364): Illuminate\\Database\\Schema\\Builder->create()
#6 /home/elyas/Projects/Projet_Stage/paie-marin/database/migrations/2026_08_31_185516_create_bulletin_paie_table.php(14): Illuminate\\Support\\Facades\\Facade::__callStatic()
#7 /home/elyas/Projects/Projet_Stage/paie-marin/vendor/laravel/framework/src/Illuminate/Database/Migrations/Migrator.php(517): Illuminate\\Database\\Migrations\\Migration@anonymous->up()
#8 /home/elyas/Projects/Projet_Stage/paie-marin/vendor/laravel/framework/src/Illuminate/Database/Migrations/Migrator.php(442): Illuminate\\Database\\Migrations\\Migrator->runMethod()
#9 /home/elyas/Projects/Projet_Stage/paie-marin/vendor/laravel/framework/src/Illuminate/Database/Concerns/ManagesTransactions.php(35): Illuminate\\Database\\Migrations\\Migrator->{closure:Illuminate\\Database\\Migrations\\Migrator::runMigration():438}()
#10 /home/elyas/Projects/Projet_Stage/paie-marin/vendor/laravel/framework/src/Illuminate/Database/Migrations/Migrator.php(450): Illuminate\\Database\\Connection->transaction()
#11 /home/elyas/Projects/Projet_Stage/paie-marin/vendor/laravel/framework/src/Illuminate/Database/Migrations/Migrator.php(253): Illuminate\\Database\\Migrations\\Migrator->runMigration()
#12 /home/elyas/Projects/Projet_Stage/paie-marin/vendor/laravel/framework/src/Illuminate/Console/View/Components/Task.php(43): Illuminate\\Database\\Migrations\\Migrator->{closure:Illuminate\\Database\\Migrations\\Migrator::runUp():253}()
#13 /home/elyas/Projects/Projet_Stage/paie-marin/vendor/laravel/framework/src/Illuminate/Database/Migrations/Migrator.php(853): Illuminate\\Console\\View\\Components\\Task->render()
#14 /home/elyas/Projects/Projet_Stage/paie-marin/vendor/laravel/framework/src/Illuminate/Database/Migrations/Migrator.php(253): Illuminate\\Database\\Migrations\\Migrator->write()
#15 /home/elyas/Projects/Projet_Stage/paie-marin/vendor/laravel/framework/src/Illuminate/Database/Migrations/Migrator.php(211): Illuminate\\Database\\Migrations\\Migrator->runUp()
#16 /home/elyas/Projects/Projet_Stage/paie-marin/vendor/laravel/framework/src/Illuminate/Database/Migrations/Migrator.php(138): Illuminate\\Database\\Migrations\\Migrator->runPending()
#17 /home/elyas/Projects/Projet_Stage/paie-marin/vendor/laravel/framework/src/Illuminate/Database/Console/Migrations/MigrateCommand.php(118): Illuminate\\Database\\Migrations\\Migrator->run()
#18 /home/elyas/Projects/Projet_Stage/paie-marin/vendor/laravel/framework/src/Illuminate/Database/Migrations/Migrator.php(672): Illuminate\\Database\\Console\\Migrations\\MigrateCommand->{closure:Illuminate\\Database\\Console\\Migrations\\MigrateCommand::runMigrations():111}()
#19 /home/elyas/Projects/Projet_Stage/paie-marin/vendor/laravel/framework/src/Illuminate/Database/Console/Migrations/MigrateCommand.php(111): Illuminate\\Database\\Migrations\\Migrator->usingConnection()
#20 /home/elyas/Projects/Projet_Stage/paie-marin/vendor/laravel/framework/src/Illuminate/Database/Console/Migrations/MigrateCommand.php(90): Illuminate\\Database\\Console\\Migrations\\MigrateCommand->runMigrations()
#21 /home/elyas/Projects/Projet_Stage/paie-marin/vendor/laravel/framework/src/Illuminate/Container/BoundMethod.php(36): Illuminate\\Database\\Console\\Migrations\\MigrateCommand->handle()
#22 /home/elyas/Projects/Projet_Stage/paie-marin/vendor/laravel/framework/src/Illuminate/Container/Util.php(43): Illuminate\\Container\\BoundMethod::{closure:Illuminate\\Container\\BoundMethod::call():35}()
#23 /home/elyas/Projects/Projet_Stage/paie-marin/vendor/laravel/framework/src/Illuminate/Container/BoundMethod.php(96): Illuminate\\Container\\Util::unwrapIfClosure()
#24 /home/elyas/Projects/Projet_Stage/paie-marin/vendor/laravel/framework/src/Illuminate/Container/BoundMethod.php(35): Illuminate\\Container\\BoundMethod::callBoundMethod()
#25 /home/elyas/Projects/Projet_Stage/paie-marin/vendor/laravel/framework/src/Illuminate/Container/Container.php(803): Illuminate\\Container\\BoundMethod::call()
#26 /home/elyas/Projects/Projet_Stage/paie-marin/vendor/laravel/framework/src/Illuminate/Console/Command.php(292): Illuminate\\Container\\Container->call()
#27 /home/elyas/Projects/Projet_Stage/paie-marin/vendor/symfony/console/Command/Command.php(285): Illuminate\\Console\\Command->execute()
#28 /home/elyas/Projects/Projet_Stage/paie-marin/vendor/laravel/framework/src/Illuminate/Console/Command.php(261): Symfony\\Component\\Console\\Command\\Command->run()
#29 /home/elyas/Projects/Projet_Stage/paie-marin/vendor/symfony/console/Application.php(1144): Illuminate\\Console\\Command->run()
#30 /home/elyas/Projects/Projet_Stage/paie-marin/vendor/symfony/console/Application.php(379): Symfony\\Component\\Console\\Application->doRunCommand()
#31 /home/elyas/Projects/Projet_Stage/paie-marin/vendor/symfony/console/Application.php(218): Symfony\\Component\\Console\\Application->doRun()
#32 /home/elyas/Projects/Projet_Stage/paie-marin/vendor/laravel/framework/src/Illuminate/Foundation/Console/Kernel.php(198): Symfony\\Component\\Console\\Application->run()
#33 /home/elyas/Projects/Projet_Stage/paie-marin/vendor/laravel/framework/src/Illuminate/Foundation/Application.php(1242): Illuminate\\Foundation\\Console\\Kernel->handle()
#34 /home/elyas/Projects/Projet_Stage/paie-marin/artisan(16): Illuminate\\Foundation\\Application->handleCommand()
#35 {main}

[previous exception] [object] (PDOException(code: 42703): SQLSTATE[42703]: Undefined column: 7 ERROR:  column \"paie_id\" does not exist at /home/elyas/Projects/Projet_Stage/paie-marin/vendor/laravel/framework/src/Illuminate/Database/Connection.php:601)
[stacktrace]
#0 /home/elyas/Projects/Projet_Stage/paie-marin/vendor/laravel/framework/src/Illuminate/Database/Connection.php(601): PDOStatement->execute()
#1 /home/elyas/Projects/Projet_Stage/paie-marin/vendor/laravel/framework/src/Illuminate/Database/Connection.php(846): Illuminate\\Database\\Connection->{closure:Illuminate\\Database\\Connection::statement():590}()
#2 /home/elyas/Projects/Projet_Stage/paie-marin/vendor/laravel/framework/src/Illuminate/Database/Connection.php(813): Illuminate\\Database\\Connection->runQueryCallback()
#3 /home/elyas/Projects/Projet_Stage/paie-marin/vendor/laravel/framework/src/Illuminate/Database/Connection.php(590): Illuminate\\Database\\Connection->run()
#4 /home/elyas/Projects/Projet_Stage/paie-marin/vendor/laravel/framework/src/Illuminate/Database/Schema/Blueprint.php(122): Illuminate\\Database\\Connection->statement()
#5 /home/elyas/Projects/Projet_Stage/paie-marin/vendor/laravel/framework/src/Illuminate/Database/Schema/Builder.php(702): Illuminate\\Database\\Schema\\Blueprint->build()
#6 /home/elyas/Projects/Projet_Stage/paie-marin/vendor/laravel/framework/src/Illuminate/Database/Schema/Builder.php(520): Illuminate\\Database\\Schema\\Builder->build()
#7 /home/elyas/Projects/Projet_Stage/paie-marin/vendor/laravel/framework/src/Illuminate/Support/Facades/Facade.php(364): Illuminate\\Database\\Schema\\Builder->create()
#8 /home/elyas/Projects/Projet_Stage/paie-marin/database/migrations/2026_08_31_185516_create_bulletin_paie_table.php(14): Illuminate\\Support\\Facades\\Facade::__callStatic()
#9 /home/elyas/Projects/Projet_Stage/paie-marin/vendor/laravel/framework/src/Illuminate/Database/Migrations/Migrator.php(517): Illuminate\\Database\\Migrations\\Migration@anonymous->up()
#10 /home/elyas/Projects/Projet_Stage/paie-marin/vendor/laravel/framework/src/Illuminate/Database/Migrations/Migrator.php(442): Illuminate\\Database\\Migrations\\Migrator->runMethod()
#11 /home/elyas/Projects/Projet_Stage/paie-marin/vendor/laravel/framework/src/Illuminate/Database/Concerns/ManagesTransactions.php(35): Illuminate\\Database\\Migrations\\Migrator->{closure:Illuminate\\Database\\Migrations\\Migrator::runMigration():438}()
#12 /home/elyas/Projects/Projet_Stage/paie-marin/vendor/laravel/framework/src/Illuminate/Database/Migrations/Migrator.php(450): Illuminate\\Database\\Connection->transaction()
#13 /home/elyas/Projects/Projet_Stage/paie-marin/vendor/laravel/framework/src/Illuminate/Database/Migrations/Migrator.php(253): Illuminate\\Database\\Migrations\\Migrator->runMigration()
#14 /home/elyas/Projects/Projet_Stage/paie-marin/vendor/laravel/framework/src/Illuminate/Console/View/Components/Task.php(43): Illuminate\\Database\\Migrations\\Migrator->{closure:Illuminate\\Database\\Migrations\\Migrator::runUp():253}()
#15 /home/elyas/Projects/Projet_Stage/paie-marin/vendor/laravel/framework/src/Illuminate/Database/Migrations/Migrator.php(853): Illuminate\\Console\\View\\Components\\Task->render()
#16 /home/elyas/Projects/Projet_Stage/paie-marin/vendor/laravel/framework/src/Illuminate/Database/Migrations/Migrator.php(253): Illuminate\\Database\\Migrations\\Migrator->write()
#17 /home/elyas/Projects/Projet_Stage/paie-marin/vendor/laravel/framework/src/Illuminate/Database/Migrations/Migrator.php(211): Illuminate\\Database\\Migrations\\Migrator->runUp()
#18 /home/elyas/Projects/Projet_Stage/paie-marin/vendor/laravel/framework/src/Illuminate/Database/Migrations/Migrator.php(138): Illuminate\\Database\\Migrations\\Migrator->runPending()
#19 /home/elyas/Projects/Projet_Stage/paie-marin/vendor/laravel/framework/src/Illuminate/Database/Console/Migrations/MigrateCommand.php(118): Illuminate\\Database\\Migrations\\Migrator->run()
#20 /home/elyas/Projects/Projet_Stage/paie-marin/vendor/laravel/framework/src/Illuminate/Database/Migrations/Migrator.php(672): Illuminate\\Database\\Console\\Migrations\\MigrateCommand->{closure:Illuminate\\Database\\Console\\Migrations\\MigrateCommand::runMigrations():111}()
#21 /home/elyas/Projects/Projet_Stage/paie-marin/vendor/laravel/framework/src/Illuminate/Database/Console/Migrations/MigrateCommand.php(111): Illuminate\\Database\\Migrations\\Migrator->usingConnection()
#22 /home/elyas/Projects/Projet_Stage/paie-marin/vendor/laravel/framework/src/Illuminate/Database/Console/Migrations/MigrateCommand.php(90): Illuminate\\Database\\Console\\Migrations\\MigrateCommand->runMigrations()
#23 /home/elyas/Projects/Projet_Stage/paie-marin/vendor/laravel/framework/src/Illuminate/Container/BoundMethod.php(36): Illuminate\\Database\\Console\\Migrations\\MigrateCommand->handle()
#24 /home/elyas/Projects/Projet_Stage/paie-marin/vendor/laravel/framework/src/Illuminate/Container/Util.php(43): Illuminate\\Container\\BoundMethod::{closure:Illuminate\\Container\\BoundMethod::call():35}()
#25 /home/elyas/Projects/Projet_Stage/paie-marin/vendor/laravel/framework/src/Illuminate/Container/BoundMethod.php(96): Illuminate\\Container\\Util::unwrapIfClosure()
#26 /home/elyas/Projects/Projet_Stage/paie-marin/vendor/laravel/framework/src/Illuminate/Container/BoundMethod.php(35): Illuminate\\Container\\BoundMethod::callBoundMethod()
#27 /home/elyas/Projects/Projet_Stage/paie-marin/vendor/laravel/framework/src/Illuminate/Container/Container.php(803): Illuminate\\Container\\BoundMethod::call()
#28 /home/elyas/Projects/Projet_Stage/paie-marin/vendor/laravel/framework/src/Illuminate/Console/Command.php(292): Illuminate\\Container\\Container->call()
#29 /home/elyas/Projects/Projet_Stage/paie-marin/vendor/symfony/console/Command/Command.php(285): Illuminate\\Console\\Command->execute()
#30 /home/elyas/Projects/Projet_Stage/paie-marin/vendor/laravel/framework/src/Illuminate/Console/Command.php(261): Symfony\\Component\\Console\\Command\\Command->run()
#31 /home/elyas/Projects/Projet_Stage/paie-marin/vendor/symfony/console/Application.php(1144): Illuminate\\Console\\Command->run()
#32 /home/elyas/Projects/Projet_Stage/paie-marin/vendor/symfony/console/Application.php(379): Symfony\\Component\\Console\\Application->doRunCommand()
#33 /home/elyas/Projects/Projet_Stage/paie-marin/vendor/symfony/console/Application.php(218): Symfony\\Component\\Console\\Application->doRun()
#34 /home/elyas/Projects/Projet_Stage/paie-marin/vendor/laravel/framework/src/Illuminate/Foundation/Console/Kernel.php(198): Symfony\\Component\\Console\\Application->run()
#35 /home/elyas/Projects/Projet_Stage/paie-marin/vendor/laravel/framework/src/Illuminate/Foundation/Application.php(1242): Illuminate\\Foundation\\Console\\Kernel->handle()
#36 /home/elyas/Projects/Projet_Stage/paie-marin/artisan(16): Illuminate\\Foundation\\Application->handleCommand()
#37 {main}
"} 
[2026-09-01 06:01:18] local.ERROR: SQLSTATE[42P01]: Undefined table: 7 ERROR:  relation "contrat_armateurs" does not exist
LINE 1: insert into "contrat_armateurs" ("armateur_id", "code", "lib...
                    ^ (Connection: pgsql, Host: 127.0.0.1, Port: 5432, Database: paie, SQL: insert into "contrat_armateurs" ("armateur_id", "code", "libelle", "devise_id", "date_debut", "taux_base", "actif", "updated_at", "created_at") values (1, CTR001, Contrat standard, 1, 2026-01-01 00:00:00, 100, 1, 2026-09-01 06:01:18, 2026-09-01 06:01:18) returning "id") {"exception":"[object] (Illuminate\\Database\\QueryException(code: 42P01): SQLSTATE[42P01]: Undefined table: 7 ERROR:  relation \"contrat_armateurs\" does not exist
LINE 1: insert into \"contrat_armateurs\" (\"armateur_id\", \"code\", \"lib...
                    ^ (Connection: pgsql, Host: 127.0.0.1, Port: 5432, Database: paie, SQL: insert into \"contrat_armateurs\" (\"armateur_id\", \"code\", \"libelle\", \"devise_id\", \"date_debut\", \"taux_base\", \"actif\", \"updated_at\", \"created_at\") values (1, CTR001, Contrat standard, 1, 2026-01-01 00:00:00, 100, 1, 2026-09-01 06:01:18, 2026-09-01 06:01:18) returning \"id\") at /home/elyas/Projects/Projet_Stage/paie-marin/vendor/laravel/framework/src/Illuminate/Database/Connection.php:857)
[stacktrace]
#0 /home/elyas/Projects/Projet_Stage/paie-marin/vendor/laravel/framework/src/Illuminate/Database/Connection.php(813): Illuminate\\Database\\Connection->runQueryCallback()
#1 /home/elyas/Projects/Projet_Stage/paie-marin/vendor/laravel/framework/src/Illuminate/Database/Connection.php(426): Illuminate\\Database\\Connection->run()
#2 /home/elyas/Projects/Projet_Stage/paie-marin/vendor/laravel/framework/src/Illuminate/Database/Connection.php(412): Illuminate\\Database\\Connection->select()
#3 /home/elyas/Projects/Projet_Stage/paie-marin/vendor/laravel/framework/src/Illuminate/Database/Query/Processors/PostgresProcessor.php(24): Illuminate\\Database\\Connection->selectFromWriteConnection()
#4 /home/elyas/Projects/Projet_Stage/paie-marin/vendor/laravel/framework/src/Illuminate/Database/Query/Builder.php(4313): Illuminate\\Database\\Query\\Processors\\PostgresProcessor->processInsertGetId()
#5 /home/elyas/Projects/Projet_Stage/paie-marin/vendor/laravel/framework/src/Illuminate/Database/Eloquent/Builder.php(2303): Illuminate\\Database\\Query\\Builder->insertGetId()
#6 /home/elyas/Projects/Projet_Stage/paie-marin/vendor/laravel/framework/src/Illuminate/Database/Eloquent/Model.php(1687): Illuminate\\Database\\Eloquent\\Builder->__call()
#7 /home/elyas/Projects/Projet_Stage/paie-marin/vendor/laravel/framework/src/Illuminate/Database/Eloquent/Model.php(1603): Illuminate\\Database\\Eloquent\\Model->insertAndSetId()
#8 /home/elyas/Projects/Projet_Stage/paie-marin/vendor/laravel/framework/src/Illuminate/Database/Eloquent/Model.php(1407): Illuminate\\Database\\Eloquent\\Model->performInsert()
#9 /home/elyas/Projects/Projet_Stage/paie-marin/vendor/laravel/framework/src/Illuminate/Database/Eloquent/Builder.php(1257): Illuminate\\Database\\Eloquent\\Model->save()
#10 /home/elyas/Projects/Projet_Stage/paie-marin/vendor/laravel/framework/src/Illuminate/Support/helpers.php(393): Illuminate\\Database\\Eloquent\\Builder->{closure:Illuminate\\Database\\Eloquent\\Builder::create():1256}()
#11 /home/elyas/Projects/Projet_Stage/paie-marin/vendor/laravel/framework/src/Illuminate/Database/Eloquent/Builder.php(1256): tap()
#12 /home/elyas/Projects/Projet_Stage/paie-marin/vendor/laravel/framework/src/Illuminate/Support/Traits/ForwardsCalls.php(23): Illuminate\\Database\\Eloquent\\Builder->create()
#13 /home/elyas/Projects/Projet_Stage/paie-marin/vendor/laravel/framework/src/Illuminate/Database/Eloquent/Model.php(2871): Illuminate\\Database\\Eloquent\\Model->forwardCallTo()
#14 /home/elyas/Projects/Projet_Stage/paie-marin/vendor/laravel/framework/src/Illuminate/Database/Eloquent/Model.php(2887): Illuminate\\Database\\Eloquent\\Model->__call()
#15 /home/elyas/Projects/Projet_Stage/paie-marin/database/seeders/TestSeeder.php(45): Illuminate\\Database\\Eloquent\\Model::__callStatic()
#16 /home/elyas/Projects/Projet_Stage/paie-marin/vendor/laravel/framework/src/Illuminate/Container/BoundMethod.php(36): Database\\Seeders\\TestSeeder->run()
#17 /home/elyas/Projects/Projet_Stage/paie-marin/vendor/laravel/framework/src/Illuminate/Container/Util.php(43): Illuminate\\Container\\BoundMethod::{closure:Illuminate\\Container\\BoundMethod::call():35}()
#18 /home/elyas/Projects/Projet_Stage/paie-marin/vendor/laravel/framework/src/Illuminate/Container/BoundMethod.php(96): Illuminate\\Container\\Util::unwrapIfClosure()
#19 /home/elyas/Projects/Projet_Stage/paie-marin/vendor/laravel/framework/src/Illuminate/Container/BoundMethod.php(35): Illuminate\\Container\\BoundMethod::callBoundMethod()
#20 /home/elyas/Projects/Projet_Stage/paie-marin/vendor/laravel/framework/src/Illuminate/Container/Container.php(803): Illuminate\\Container\\BoundMethod::call()
#21 /home/elyas/Projects/Projet_Stage/paie-marin/vendor/laravel/framework/src/Illuminate/Database/Seeder.php(184): Illuminate\\Container\\Container->call()
#22 /home/elyas/Projects/Projet_Stage/paie-marin/vendor/laravel/framework/src/Illuminate/Database/Seeder.php(191): Illuminate\\Database\\Seeder->{closure:Illuminate\\Database\\Seeder::__invoke():183}()
#23 /home/elyas/Projects/Projet_Stage/paie-marin/vendor/laravel/framework/src/Illuminate/Database/Console/Seeds/SeedCommand.php(88): Illuminate\\Database\\Seeder->__invoke()
#24 /home/elyas/Projects/Projet_Stage/paie-marin/vendor/laravel/framework/src/Illuminate/Database/Eloquent/Concerns/GuardsAttributes.php(188): Illuminate\\Database\\Console\\Seeds\\SeedCommand->{closure:Illuminate\\Database\\Console\\Seeds\\SeedCommand::handle():87}()
#25 /home/elyas/Projects/Projet_Stage/paie-marin/vendor/laravel/framework/src/Illuminate/Database/Console/Seeds/SeedCommand.php(87): Illuminate\\Database\\Eloquent\\Model::unguarded()
#26 /home/elyas/Projects/Projet_Stage/paie-marin/vendor/laravel/framework/src/Illuminate/Container/BoundMethod.php(36): Illuminate\\Database\\Console\\Seeds\\SeedCommand->handle()
#27 /home/elyas/Projects/Projet_Stage/paie-marin/vendor/laravel/framework/src/Illuminate/Container/Util.php(43): Illuminate\\Container\\BoundMethod::{closure:Illuminate\\Container\\BoundMethod::call():35}()
#28 /home/elyas/Projects/Projet_Stage/paie-marin/vendor/laravel/framework/src/Illuminate/Container/BoundMethod.php(96): Illuminate\\Container\\Util::unwrapIfClosure()
#29 /home/elyas/Projects/Projet_Stage/paie-marin/vendor/laravel/framework/src/Illuminate/Container/BoundMethod.php(35): Illuminate\\Container\\BoundMethod::callBoundMethod()
#30 /home/elyas/Projects/Projet_Stage/paie-marin/vendor/laravel/framework/src/Illuminate/Container/Container.php(803): Illuminate\\Container\\BoundMethod::call()
#31 /home/elyas/Projects/Projet_Stage/paie-marin/vendor/laravel/framework/src/Illuminate/Console/Command.php(292): Illuminate\\Container\\Container->call()
#32 /home/elyas/Projects/Projet_Stage/paie-marin/vendor/symfony/console/Command/Command.php(285): Illuminate\\Console\\Command->execute()
#33 /home/elyas/Projects/Projet_Stage/paie-marin/vendor/laravel/framework/src/Illuminate/Console/Command.php(261): Symfony\\Component\\Console\\Command\\Command->run()
#34 /home/elyas/Projects/Projet_Stage/paie-marin/vendor/symfony/console/Application.php(1144): Illuminate\\Console\\Command->run()
#35 /home/elyas/Projects/Projet_Stage/paie-marin/vendor/symfony/console/Application.php(379): Symfony\\Component\\Console\\Application->doRunCommand()
#36 /home/elyas/Projects/Projet_Stage/paie-marin/vendor/symfony/console/Application.php(218): Symfony\\Component\\Console\\Application->doRun()
#37 /home/elyas/Projects/Projet_Stage/paie-marin/vendor/laravel/framework/src/Illuminate/Foundation/Console/Kernel.php(198): Symfony\\Component\\Console\\Application->run()
#38 /home/elyas/Projects/Projet_Stage/paie-marin/vendor/laravel/framework/src/Illuminate/Foundation/Application.php(1242): Illuminate\\Foundation\\Console\\Kernel->handle()
#39 /home/elyas/Projects/Projet_Stage/paie-marin/artisan(16): Illuminate\\Foundation\\Application->handleCommand()
#40 {main}

[previous exception] [object] (PDOException(code: 42P01): SQLSTATE[42P01]: Undefined table: 7 ERROR:  relation \"contrat_armateurs\" does not exist
LINE 1: insert into \"contrat_armateurs\" (\"armateur_id\", \"code\", \"lib...
                    ^ at /home/elyas/Projects/Projet_Stage/paie-marin/vendor/laravel/framework/src/Illuminate/Database/Connection.php:440)
[stacktrace]
#0 /home/elyas/Projects/Projet_Stage/paie-marin/vendor/laravel/framework/src/Illuminate/Database/Connection.php(440): PDOStatement->execute()
#1 /home/elyas/Projects/Projet_Stage/paie-marin/vendor/laravel/framework/src/Illuminate/Database/Connection.php(846): Illuminate\\Database\\Connection->{closure:Illuminate\\Database\\Connection::select():426}()
#2 /home/elyas/Projects/Projet_Stage/paie-marin/vendor/laravel/framework/src/Illuminate/Database/Connection.php(813): Illuminate\\Database\\Connection->runQueryCallback()
#3 /home/elyas/Projects/Projet_Stage/paie-marin/vendor/laravel/framework/src/Illuminate/Database/Connection.php(426): Illuminate\\Database\\Connection->run()
#4 /home/elyas/Projects/Projet_Stage/paie-marin/vendor/laravel/framework/src/Illuminate/Database/Connection.php(412): Illuminate\\Database\\Connection->select()
#5 /home/elyas/Projects/Projet_Stage/paie-marin/vendor/laravel/framework/src/Illuminate/Database/Query/Processors/PostgresProcessor.php(24): Illuminate\\Database\\Connection->selectFromWriteConnection()
#6 /home/elyas/Projects/Projet_Stage/paie-marin/vendor/laravel/framework/src/Illuminate/Database/Query/Builder.php(4313): Illuminate\\Database\\Query\\Processors\\PostgresProcessor->processInsertGetId()
#7 /home/elyas/Projects/Projet_Stage/paie-marin/vendor/laravel/framework/src/Illuminate/Database/Eloquent/Builder.php(2303): Illuminate\\Database\\Query\\Builder->insertGetId()
#8 /home/elyas/Projects/Projet_Stage/paie-marin/vendor/laravel/framework/src/Illuminate/Database/Eloquent/Model.php(1687): Illuminate\\Database\\Eloquent\\Builder->__call()
#9 /home/elyas/Projects/Projet_Stage/paie-marin/vendor/laravel/framework/src/Illuminate/Database/Eloquent/Model.php(1603): Illuminate\\Database\\Eloquent\\Model->insertAndSetId()
#10 /home/elyas/Projects/Projet_Stage/paie-marin/vendor/laravel/framework/src/Illuminate/Database/Eloquent/Model.php(1407): Illuminate\\Database\\Eloquent\\Model->performInsert()
#11 /home/elyas/Projects/Projet_Stage/paie-marin/vendor/laravel/framework/src/Illuminate/Database/Eloquent/Builder.php(1257): Illuminate\\Database\\Eloquent\\Model->save()
#12 /home/elyas/Projects/Projet_Stage/paie-marin/vendor/laravel/framework/src/Illuminate/Support/helpers.php(393): Illuminate\\Database\\Eloquent\\Builder->{closure:Illuminate\\Database\\Eloquent\\Builder::create():1256}()
#13 /home/elyas/Projects/Projet_Stage/paie-marin/vendor/laravel/framework/src/Illuminate/Database/Eloquent/Builder.php(1256): tap()
#14 /home/elyas/Projects/Projet_Stage/paie-marin/vendor/laravel/framework/src/Illuminate/Support/Traits/ForwardsCalls.php(23): Illuminate\\Database\\Eloquent\\Builder->create()
#15 /home/elyas/Projects/Projet_Stage/paie-marin/vendor/laravel/framework/src/Illuminate/Database/Eloquent/Model.php(2871): Illuminate\\Database\\Eloquent\\Model->forwardCallTo()
#16 /home/elyas/Projects/Projet_Stage/paie-marin/vendor/laravel/framework/src/Illuminate/Database/Eloquent/Model.php(2887): Illuminate\\Database\\Eloquent\\Model->__call()
#17 /home/elyas/Projects/Projet_Stage/paie-marin/database/seeders/TestSeeder.php(45): Illuminate\\Database\\Eloquent\\Model::__callStatic()
#18 /home/elyas/Projects/Projet_Stage/paie-marin/vendor/laravel/framework/src/Illuminate/Container/BoundMethod.php(36): Database\\Seeders\\TestSeeder->run()
#19 /home/elyas/Projects/Projet_Stage/paie-marin/vendor/laravel/framework/src/Illuminate/Container/Util.php(43): Illuminate\\Container\\BoundMethod::{closure:Illuminate\\Container\\BoundMethod::call():35}()
#20 /home/elyas/Projects/Projet_Stage/paie-marin/vendor/laravel/framework/src/Illuminate/Container/BoundMethod.php(96): Illuminate\\Container\\Util::unwrapIfClosure()
#21 /home/elyas/Projects/Projet_Stage/paie-marin/vendor/laravel/framework/src/Illuminate/Container/BoundMethod.php(35): Illuminate\\Container\\BoundMethod::callBoundMethod()
#22 /home/elyas/Projects/Projet_Stage/paie-marin/vendor/laravel/framework/src/Illuminate/Container/Container.php(803): Illuminate\\Container\\BoundMethod::call()
#23 /home/elyas/Projects/Projet_Stage/paie-marin/vendor/laravel/framework/src/Illuminate/Database/Seeder.php(184): Illuminate\\Container\\Container->call()
#24 /home/elyas/Projects/Projet_Stage/paie-marin/vendor/laravel/framework/src/Illuminate/Database/Seeder.php(191): Illuminate\\Database\\Seeder->{closure:Illuminate\\Database\\Seeder::__invoke():183}()
#25 /home/elyas/Projects/Projet_Stage/paie-marin/vendor/laravel/framework/src/Illuminate/Database/Console/Seeds/SeedCommand.php(88): Illuminate\\Database\\Seeder->__invoke()
#26 /home/elyas/Projects/Projet_Stage/paie-marin/vendor/laravel/framework/src/Illuminate/Database/Eloquent/Concerns/GuardsAttributes.php(188): Illuminate\\Database\\Console\\Seeds\\SeedCommand->{closure:Illuminate\\Database\\Console\\Seeds\\SeedCommand::handle():87}()
#27 /home/elyas/Projects/Projet_Stage/paie-marin/vendor/laravel/framework/src/Illuminate/Database/Console/Seeds/SeedCommand.php(87): Illuminate\\Database\\Eloquent\\Model::unguarded()
#28 /home/elyas/Projects/Projet_Stage/paie-marin/vendor/laravel/framework/src/Illuminate/Container/BoundMethod.php(36): Illuminate\\Database\\Console\\Seeds\\SeedCommand->handle()
#29 /home/elyas/Projects/Projet_Stage/paie-marin/vendor/laravel/framework/src/Illuminate/Container/Util.php(43): Illuminate\\Container\\BoundMethod::{closure:Illuminate\\Container\\BoundMethod::call():35}()
#30 /home/elyas/Projects/Projet_Stage/paie-marin/vendor/laravel/framework/src/Illuminate/Container/BoundMethod.php(96): Illuminate\\Container\\Util::unwrapIfClosure()
#31 /home/elyas/Projects/Projet_Stage/paie-marin/vendor/laravel/framework/src/Illuminate/Container/BoundMethod.php(35): Illuminate\\Container\\BoundMethod::callBoundMethod()
#32 /home/elyas/Projects/Projet_Stage/paie-marin/vendor/laravel/framework/src/Illuminate/Container/Container.php(803): Illuminate\\Container\\BoundMethod::call()
#33 /home/elyas/Projects/Projet_Stage/paie-marin/vendor/laravel/framework/src/Illuminate/Console/Command.php(292): Illuminate\\Container\\Container->call()
#34 /home/elyas/Projects/Projet_Stage/paie-marin/vendor/symfony/console/Command/Command.php(285): Illuminate\\Console\\Command->execute()
#35 /home/elyas/Projects/Projet_Stage/paie-marin/vendor/laravel/framework/src/Illuminate/Console/Command.php(261): Symfony\\Component\\Console\\Command\\Command->run()
#36 /home/elyas/Projects/Projet_Stage/paie-marin/vendor/symfony/console/Application.php(1144): Illuminate\\Console\\Command->run()
#37 /home/elyas/Projects/Projet_Stage/paie-marin/vendor/symfony/console/Application.php(379): Symfony\\Component\\Console\\Application->doRunCommand()
#38 /home/elyas/Projects/Projet_Stage/paie-marin/vendor/symfony/console/Application.php(218): Symfony\\Component\\Console\\Application->doRun()
#39 /home/elyas/Projects/Projet_Stage/paie-marin/vendor/laravel/framework/src/Illuminate/Foundation/Console/Kernel.php(198): Symfony\\Component\\Console\\Application->run()
#40 /home/elyas/Projects/Projet_Stage/paie-marin/vendor/laravel/framework/src/Illuminate/Foundation/Application.php(1242): Illuminate\\Foundation\\Console\\Kernel->handle()
#41 /home/elyas/Projects/Projet_Stage/paie-marin/artisan(16): Illuminate\\Foundation\\Application->handleCommand()
#42 {main}
"} 
[2026-09-01 06:07:50] local.ERROR: SQLSTATE[42P01]: Undefined table: 7 ERROR:  relation "contrats_armateur" does not exist (Connection: pgsql, Host: 127.0.0.1, Port: 5432, Database: paie, SQL: alter table "affectations_marin" add constraint "affectations_marin_contrat_armateur_id_foreign" foreign key ("contrat_armateur_id") references "contrats_armateur" ("id") on delete restrict) {"exception":"[object] (Illuminate\\Database\\QueryException(code: 42P01): SQLSTATE[42P01]: Undefined table: 7 ERROR:  relation \"contrats_armateur\" does not exist (Connection: pgsql, Host: 127.0.0.1, Port: 5432, Database: paie, SQL: alter table \"affectations_marin\" add constraint \"affectations_marin_contrat_armateur_id_foreign\" foreign key (\"contrat_armateur_id\") references \"contrats_armateur\" (\"id\") on delete restrict) at /home/elyas/Projects/Projet_Stage/paie-marin/vendor/laravel/framework/src/Illuminate/Database/Connection.php:857)
[stacktrace]
#0 /home/elyas/Projects/Projet_Stage/paie-marin/vendor/laravel/framework/src/Illuminate/Database/Connection.php(813): Illuminate\\Database\\Connection->runQueryCallback()
#1 /home/elyas/Projects/Projet_Stage/paie-marin/vendor/laravel/framework/src/Illuminate/Database/Connection.php(590): Illuminate\\Database\\Connection->run()
#2 /home/elyas/Projects/Projet_Stage/paie-marin/vendor/laravel/framework/src/Illuminate/Database/Schema/Blueprint.php(122): Illuminate\\Database\\Connection->statement()
#3 /home/elyas/Projects/Projet_Stage/paie-marin/vendor/laravel/framework/src/Illuminate/Database/Schema/Builder.php(702): Illuminate\\Database\\Schema\\Blueprint->build()
#4 /home/elyas/Projects/Projet_Stage/paie-marin/vendor/laravel/framework/src/Illuminate/Database/Schema/Builder.php(520): Illuminate\\Database\\Schema\\Builder->build()
#5 /home/elyas/Projects/Projet_Stage/paie-marin/vendor/laravel/framework/src/Illuminate/Support/Facades/Facade.php(364): Illuminate\\Database\\Schema\\Builder->create()
#6 /home/elyas/Projects/Projet_Stage/paie-marin/database/migrations/2026_08_31_184443_create_affectation_marin_table.php(14): Illuminate\\Support\\Facades\\Facade::__callStatic()
#7 /home/elyas/Projects/Projet_Stage/paie-marin/vendor/laravel/framework/src/Illuminate/Database/Migrations/Migrator.php(517): Illuminate\\Database\\Migrations\\Migration@anonymous->up()
#8 /home/elyas/Projects/Projet_Stage/paie-marin/vendor/laravel/framework/src/Illuminate/Database/Migrations/Migrator.php(442): Illuminate\\Database\\Migrations\\Migrator->runMethod()
#9 /home/elyas/Projects/Projet_Stage/paie-marin/vendor/laravel/framework/src/Illuminate/Database/Concerns/ManagesTransactions.php(35): Illuminate\\Database\\Migrations\\Migrator->{closure:Illuminate\\Database\\Migrations\\Migrator::runMigration():438}()
#10 /home/elyas/Projects/Projet_Stage/paie-marin/vendor/laravel/framework/src/Illuminate/Database/Migrations/Migrator.php(450): Illuminate\\Database\\Connection->transaction()
#11 /home/elyas/Projects/Projet_Stage/paie-marin/vendor/laravel/framework/src/Illuminate/Database/Migrations/Migrator.php(253): Illuminate\\Database\\Migrations\\Migrator->runMigration()
#12 /home/elyas/Projects/Projet_Stage/paie-marin/vendor/laravel/framework/src/Illuminate/Console/View/Components/Task.php(43): Illuminate\\Database\\Migrations\\Migrator->{closure:Illuminate\\Database\\Migrations\\Migrator::runUp():253}()
#13 /home/elyas/Projects/Projet_Stage/paie-marin/vendor/laravel/framework/src/Illuminate/Database/Migrations/Migrator.php(853): Illuminate\\Console\\View\\Components\\Task->render()
#14 /home/elyas/Projects/Projet_Stage/paie-marin/vendor/laravel/framework/src/Illuminate/Database/Migrations/Migrator.php(253): Illuminate\\Database\\Migrations\\Migrator->write()
#15 /home/elyas/Projects/Projet_Stage/paie-marin/vendor/laravel/framework/src/Illuminate/Database/Migrations/Migrator.php(211): Illuminate\\Database\\Migrations\\Migrator->runUp()
#16 /home/elyas/Projects/Projet_Stage/paie-marin/vendor/laravel/framework/src/Illuminate/Database/Migrations/Migrator.php(138): Illuminate\\Database\\Migrations\\Migrator->runPending()
#17 /home/elyas/Projects/Projet_Stage/paie-marin/vendor/laravel/framework/src/Illuminate/Database/Console/Migrations/MigrateCommand.php(118): Illuminate\\Database\\Migrations\\Migrator->run()
#18 /home/elyas/Projects/Projet_Stage/paie-marin/vendor/laravel/framework/src/Illuminate/Database/Migrations/Migrator.php(672): Illuminate\\Database\\Console\\Migrations\\MigrateCommand->{closure:Illuminate\\Database\\Console\\Migrations\\MigrateCommand::runMigrations():111}()
#19 /home/elyas/Projects/Projet_Stage/paie-marin/vendor/laravel/framework/src/Illuminate/Database/Console/Migrations/MigrateCommand.php(111): Illuminate\\Database\\Migrations\\Migrator->usingConnection()
#20 /home/elyas/Projects/Projet_Stage/paie-marin/vendor/laravel/framework/src/Illuminate/Database/Console/Migrations/MigrateCommand.php(90): Illuminate\\Database\\Console\\Migrations\\MigrateCommand->runMigrations()
#21 /home/elyas/Projects/Projet_Stage/paie-marin/vendor/laravel/framework/src/Illuminate/Container/BoundMethod.php(36): Illuminate\\Database\\Console\\Migrations\\MigrateCommand->handle()
#22 /home/elyas/Projects/Projet_Stage/paie-marin/vendor/laravel/framework/src/Illuminate/Container/Util.php(43): Illuminate\\Container\\BoundMethod::{closure:Illuminate\\Container\\BoundMethod::call():35}()
#23 /home/elyas/Projects/Projet_Stage/paie-marin/vendor/laravel/framework/src/Illuminate/Container/BoundMethod.php(96): Illuminate\\Container\\Util::unwrapIfClosure()
#24 /home/elyas/Projects/Projet_Stage/paie-marin/vendor/laravel/framework/src/Illuminate/Container/BoundMethod.php(35): Illuminate\\Container\\BoundMethod::callBoundMethod()
#25 /home/elyas/Projects/Projet_Stage/paie-marin/vendor/laravel/framework/src/Illuminate/Container/Container.php(803): Illuminate\\Container\\BoundMethod::call()
#26 /home/elyas/Projects/Projet_Stage/paie-marin/vendor/laravel/framework/src/Illuminate/Console/Command.php(292): Illuminate\\Container\\Container->call()
#27 /home/elyas/Projects/Projet_Stage/paie-marin/vendor/symfony/console/Command/Command.php(285): Illuminate\\Console\\Command->execute()
#28 /home/elyas/Projects/Projet_Stage/paie-marin/vendor/laravel/framework/src/Illuminate/Console/Command.php(261): Symfony\\Component\\Console\\Command\\Command->run()
#29 /home/elyas/Projects/Projet_Stage/paie-marin/vendor/laravel/framework/src/Illuminate/Console/Concerns/CallsCommands.php(68): Illuminate\\Console\\Command->run()
#30 /home/elyas/Projects/Projet_Stage/paie-marin/vendor/laravel/framework/src/Illuminate/Console/Concerns/CallsCommands.php(29): Illuminate\\Console\\Command->runCommand()
#31 /home/elyas/Projects/Projet_Stage/paie-marin/vendor/laravel/framework/src/Illuminate/Database/Console/Migrations/FreshCommand.php(96): Illuminate\\Console\\Command->call()
#32 /home/elyas/Projects/Projet_Stage/paie-marin/vendor/laravel/framework/src/Illuminate/Container/BoundMethod.php(36): Illuminate\\Database\\Console\\Migrations\\FreshCommand->handle()
#33 /home/elyas/Projects/Projet_Stage/paie-marin/vendor/laravel/framework/src/Illuminate/Container/Util.php(43): Illuminate\\Container\\BoundMethod::{closure:Illuminate\\Container\\BoundMethod::call():35}()
#34 /home/elyas/Projects/Projet_Stage/paie-marin/vendor/laravel/framework/src/Illuminate/Container/BoundMethod.php(96): Illuminate\\Container\\Util::unwrapIfClosure()
#35 /home/elyas/Projects/Projet_Stage/paie-marin/vendor/laravel/framework/src/Illuminate/Container/BoundMethod.php(35): Illuminate\\Container\\BoundMethod::callBoundMethod()
#36 /home/elyas/Projects/Projet_Stage/paie-marin/vendor/laravel/framework/src/Illuminate/Container/Container.php(803): Illuminate\\Container\\BoundMethod::call()
#37 /home/elyas/Projects/Projet_Stage/paie-marin/vendor/laravel/framework/src/Illuminate/Console/Command.php(292): Illuminate\\Container\\Container->call()
#38 /home/elyas/Projects/Projet_Stage/paie-marin/vendor/symfony/console/Command/Command.php(285): Illuminate\\Console\\Command->execute()
#39 /home/elyas/Projects/Projet_Stage/paie-marin/vendor/laravel/framework/src/Illuminate/Console/Command.php(261): Symfony\\Component\\Console\\Command\\Command->run()
#40 /home/elyas/Projects/Projet_Stage/paie-marin/vendor/symfony/console/Application.php(1144): Illuminate\\Console\\Command->run()
#41 /home/elyas/Projects/Projet_Stage/paie-marin/vendor/symfony/console/Application.php(379): Symfony\\Component\\Console\\Application->doRunCommand()
#42 /home/elyas/Projects/Projet_Stage/paie-marin/vendor/symfony/console/Application.php(218): Symfony\\Component\\Console\\Application->doRun()
#43 /home/elyas/Projects/Projet_Stage/paie-marin/vendor/laravel/framework/src/Illuminate/Foundation/Console/Kernel.php(198): Symfony\\Component\\Console\\Application->run()
#44 /home/elyas/Projects/Projet_Stage/paie-marin/vendor/laravel/framework/src/Illuminate/Foundation/Application.php(1242): Illuminate\\Foundation\\Console\\Kernel->handle()
#45 /home/elyas/Projects/Projet_Stage/paie-marin/artisan(16): Illuminate\\Foundation\\Application->handleCommand()
#46 {main}

[previous exception] [object] (PDOException(code: 42P01): SQLSTATE[42P01]: Undefined table: 7 ERROR:  relation \"contrats_armateur\" does not exist at /home/elyas/Projects/Projet_Stage/paie-marin/vendor/laravel/framework/src/Illuminate/Database/Connection.php:601)
[stacktrace]
#0 /home/elyas/Projects/Projet_Stage/paie-marin/vendor/laravel/framework/src/Illuminate/Database/Connection.php(601): PDOStatement->execute()
#1 /home/elyas/Projects/Projet_Stage/paie-marin/vendor/laravel/framework/src/Illuminate/Database/Connection.php(846): Illuminate\\Database\\Connection->{closure:Illuminate\\Database\\Connection::statement():590}()
#2 /home/elyas/Projects/Projet_Stage/paie-marin/vendor/laravel/framework/src/Illuminate/Database/Connection.php(813): Illuminate\\Database\\Connection->runQueryCallback()
#3 /home/elyas/Projects/Projet_Stage/paie-marin/vendor/laravel/framework/src/Illuminate/Database/Connection.php(590): Illuminate\\Database\\Connection->run()
#4 /home/elyas/Projects/Projet_Stage/paie-marin/vendor/laravel/framework/src/Illuminate/Database/Schema/Blueprint.php(122): Illuminate\\Database\\Connection->statement()
#5 /home/elyas/Projects/Projet_Stage/paie-marin/vendor/laravel/framework/src/Illuminate/Database/Schema/Builder.php(702): Illuminate\\Database\\Schema\\Blueprint->build()
#6 /home/elyas/Projects/Projet_Stage/paie-marin/vendor/laravel/framework/src/Illuminate/Database/Schema/Builder.php(520): Illuminate\\Database\\Schema\\Builder->build()
#7 /home/elyas/Projects/Projet_Stage/paie-marin/vendor/laravel/framework/src/Illuminate/Support/Facades/Facade.php(364): Illuminate\\Database\\Schema\\Builder->create()
#8 /home/elyas/Projects/Projet_Stage/paie-marin/database/migrations/2026_08_31_184443_create_affectation_marin_table.php(14): Illuminate\\Support\\Facades\\Facade::__callStatic()
#9 /home/elyas/Projects/Projet_Stage/paie-marin/vendor/laravel/framework/src/Illuminate/Database/Migrations/Migrator.php(517): Illuminate\\Database\\Migrations\\Migration@anonymous->up()
#10 /home/elyas/Projects/Projet_Stage/paie-marin/vendor/laravel/framework/src/Illuminate/Database/Migrations/Migrator.php(442): Illuminate\\Database\\Migrations\\Migrator->runMethod()
#11 /home/elyas/Projects/Projet_Stage/paie-marin/vendor/laravel/framework/src/Illuminate/Database/Concerns/ManagesTransactions.php(35): Illuminate\\Database\\Migrations\\Migrator->{closure:Illuminate\\Database\\Migrations\\Migrator::runMigration():438}()
#12 /home/elyas/Projects/Projet_Stage/paie-marin/vendor/laravel/framework/src/Illuminate/Database/Migrations/Migrator.php(450): Illuminate\\Database\\Connection->transaction()
#13 /home/elyas/Projects/Projet_Stage/paie-marin/vendor/laravel/framework/src/Illuminate/Database/Migrations/Migrator.php(253): Illuminate\\Database\\Migrations\\Migrator->runMigration()
#14 /home/elyas/Projects/Projet_Stage/paie-marin/vendor/laravel/framework/src/Illuminate/Console/View/Components/Task.php(43): Illuminate\\Database\\Migrations\\Migrator->{closure:Illuminate\\Database\\Migrations\\Migrator::runUp():253}()
#15 /home/elyas/Projects/Projet_Stage/paie-marin/vendor/laravel/framework/src/Illuminate/Database/Migrations/Migrator.php(853): Illuminate\\Console\\View\\Components\\Task->render()
#16 /home/elyas/Projects/Projet_Stage/paie-marin/vendor/laravel/framework/src/Illuminate/Database/Migrations/Migrator.php(253): Illuminate\\Database\\Migrations\\Migrator->write()
#17 /home/elyas/Projects/Projet_Stage/paie-marin/vendor/laravel/framework/src/Illuminate/Database/Migrations/Migrator.php(211): Illuminate\\Database\\Migrations\\Migrator->runUp()
#18 /home/elyas/Projects/Projet_Stage/paie-marin/vendor/laravel/framework/src/Illuminate/Database/Migrations/Migrator.php(138): Illuminate\\Database\\Migrations\\Migrator->runPending()
#19 /home/elyas/Projects/Projet_Stage/paie-marin/vendor/laravel/framework/src/Illuminate/Database/Console/Migrations/MigrateCommand.php(118): Illuminate\\Database\\Migrations\\Migrator->run()
#20 /home/elyas/Projects/Projet_Stage/paie-marin/vendor/laravel/framework/src/Illuminate/Database/Migrations/Migrator.php(672): Illuminate\\Database\\Console\\Migrations\\MigrateCommand->{closure:Illuminate\\Database\\Console\\Migrations\\MigrateCommand::runMigrations():111}()
#21 /home/elyas/Projects/Projet_Stage/paie-marin/vendor/laravel/framework/src/Illuminate/Database/Console/Migrations/MigrateCommand.php(111): Illuminate\\Database\\Migrations\\Migrator->usingConnection()
#22 /home/elyas/Projects/Projet_Stage/paie-marin/vendor/laravel/framework/src/Illuminate/Database/Console/Migrations/MigrateCommand.php(90): Illuminate\\Database\\Console\\Migrations\\MigrateCommand->runMigrations()
#23 /home/elyas/Projects/Projet_Stage/paie-marin/vendor/laravel/framework/src/Illuminate/Container/BoundMethod.php(36): Illuminate\\Database\\Console\\Migrations\\MigrateCommand->handle()
#24 /home/elyas/Projects/Projet_Stage/paie-marin/vendor/laravel/framework/src/Illuminate/Container/Util.php(43): Illuminate\\Container\\BoundMethod::{closure:Illuminate\\Container\\BoundMethod::call():35}()
#25 /home/elyas/Projects/Projet_Stage/paie-marin/vendor/laravel/framework/src/Illuminate/Container/BoundMethod.php(96): Illuminate\\Container\\Util::unwrapIfClosure()
#26 /home/elyas/Projects/Projet_Stage/paie-marin/vendor/laravel/framework/src/Illuminate/Container/BoundMethod.php(35): Illuminate\\Container\\BoundMethod::callBoundMethod()
#27 /home/elyas/Projects/Projet_Stage/paie-marin/vendor/laravel/framework/src/Illuminate/Container/Container.php(803): Illuminate\\Container\\BoundMethod::call()
#28 /home/elyas/Projects/Projet_Stage/paie-marin/vendor/laravel/framework/src/Illuminate/Console/Command.php(292): Illuminate\\Container\\Container->call()
#29 /home/elyas/Projects/Projet_Stage/paie-marin/vendor/symfony/console/Command/Command.php(285): Illuminate\\Console\\Command->execute()
#30 /home/elyas/Projects/Projet_Stage/paie-marin/vendor/laravel/framework/src/Illuminate/Console/Command.php(261): Symfony\\Component\\Console\\Command\\Command->run()
#31 /home/elyas/Projects/Projet_Stage/paie-marin/vendor/laravel/framework/src/Illuminate/Console/Concerns/CallsCommands.php(68): Illuminate\\Console\\Command->run()
#32 /home/elyas/Projects/Projet_Stage/paie-marin/vendor/laravel/framework/src/Illuminate/Console/Concerns/CallsCommands.php(29): Illuminate\\Console\\Command->runCommand()
#33 /home/elyas/Projects/Projet_Stage/paie-marin/vendor/laravel/framework/src/Illuminate/Database/Console/Migrations/FreshCommand.php(96): Illuminate\\Console\\Command->call()
#34 /home/elyas/Projects/Projet_Stage/paie-marin/vendor/laravel/framework/src/Illuminate/Container/BoundMethod.php(36): Illuminate\\Database\\Console\\Migrations\\FreshCommand->handle()
#35 /home/elyas/Projects/Projet_Stage/paie-marin/vendor/laravel/framework/src/Illuminate/Container/Util.php(43): Illuminate\\Container\\BoundMethod::{closure:Illuminate\\Container\\BoundMethod::call():35}()
#36 /home/elyas/Projects/Projet_Stage/paie-marin/vendor/laravel/framework/src/Illuminate/Container/BoundMethod.php(96): Illuminate\\Container\\Util::unwrapIfClosure()
#37 /home/elyas/Projects/Projet_Stage/paie-marin/vendor/laravel/framework/src/Illuminate/Container/BoundMethod.php(35): Illuminate\\Container\\BoundMethod::callBoundMethod()
#38 /home/elyas/Projects/Projet_Stage/paie-marin/vendor/laravel/framework/src/Illuminate/Container/Container.php(803): Illuminate\\Container\\BoundMethod::call()
#39 /home/elyas/Projects/Projet_Stage/paie-marin/vendor/laravel/framework/src/Illuminate/Console/Command.php(292): Illuminate\\Container\\Container->call()
#40 /home/elyas/Projects/Projet_Stage/paie-marin/vendor/symfony/console/Command/Command.php(285): Illuminate\\Console\\Command->execute()
#41 /home/elyas/Projects/Projet_Stage/paie-marin/vendor/laravel/framework/src/Illuminate/Console/Command.php(261): Symfony\\Component\\Console\\Command\\Command->run()
#42 /home/elyas/Projects/Projet_Stage/paie-marin/vendor/symfony/console/Application.php(1144): Illuminate\\Console\\Command->run()
#43 /home/elyas/Projects/Projet_Stage/paie-marin/vendor/symfony/console/Application.php(379): Symfony\\Component\\Console\\Application->doRunCommand()
#44 /home/elyas/Projects/Projet_Stage/paie-marin/vendor/symfony/console/Application.php(218): Symfony\\Component\\Console\\Application->doRun()
#45 /home/elyas/Projects/Projet_Stage/paie-marin/vendor/laravel/framework/src/Illuminate/Foundation/Console/Kernel.php(198): Symfony\\Component\\Console\\Application->run()
#46 /home/elyas/Projects/Projet_Stage/paie-marin/vendor/laravel/framework/src/Illuminate/Foundation/Application.php(1242): Illuminate\\Foundation\\Console\\Kernel->handle()
#47 /home/elyas/Projects/Projet_Stage/paie-marin/artisan(16): Illuminate\\Foundation\\Application->handleCommand()
#48 {main}
"} 
[2026-09-01 06:08:30] local.ERROR: SQLSTATE[42P01]: Undefined table: 7 ERROR:  relation "periodes_paies" does not exist (Connection: pgsql, Host: 127.0.0.1, Port: 5432, Database: paie, SQL: alter table "bulletins_paie" add constraint "bulletins_paie_paies_id_foreign" foreign key ("paies_id") references "periodes_paies" ("id") on delete cascade) {"exception":"[object] (Illuminate\\Database\\QueryException(code: 42P01): SQLSTATE[42P01]: Undefined table: 7 ERROR:  relation \"periodes_paies\" does not exist (Connection: pgsql, Host: 127.0.0.1, Port: 5432, Database: paie, SQL: alter table \"bulletins_paie\" add constraint \"bulletins_paie_paies_id_foreign\" foreign key (\"paies_id\") references \"periodes_paies\" (\"id\") on delete cascade) at /home/elyas/Projects/Projet_Stage/paie-marin/vendor/laravel/framework/src/Illuminate/Database/Connection.php:857)
[stacktrace]
#0 /home/elyas/Projects/Projet_Stage/paie-marin/vendor/laravel/framework/src/Illuminate/Database/Connection.php(813): Illuminate\\Database\\Connection->runQueryCallback()
#1 /home/elyas/Projects/Projet_Stage/paie-marin/vendor/laravel/framework/src/Illuminate/Database/Connection.php(590): Illuminate\\Database\\Connection->run()
#2 /home/elyas/Projects/Projet_Stage/paie-marin/vendor/laravel/framework/src/Illuminate/Database/Schema/Blueprint.php(122): Illuminate\\Database\\Connection->statement()
#3 /home/elyas/Projects/Projet_Stage/paie-marin/vendor/laravel/framework/src/Illuminate/Database/Schema/Builder.php(702): Illuminate\\Database\\Schema\\Blueprint->build()
#4 /home/elyas/Projects/Projet_Stage/paie-marin/vendor/laravel/framework/src/Illuminate/Database/Schema/Builder.php(520): Illuminate\\Database\\Schema\\Builder->build()
#5 /home/elyas/Projects/Projet_Stage/paie-marin/vendor/laravel/framework/src/Illuminate/Support/Facades/Facade.php(364): Illuminate\\Database\\Schema\\Builder->create()
#6 /home/elyas/Projects/Projet_Stage/paie-marin/database/migrations/2026_08_31_185516_create_bulletin_paie_table.php(14): Illuminate\\Support\\Facades\\Facade::__callStatic()
#7 /home/elyas/Projects/Projet_Stage/paie-marin/vendor/laravel/framework/src/Illuminate/Database/Migrations/Migrator.php(517): Illuminate\\Database\\Migrations\\Migration@anonymous->up()
#8 /home/elyas/Projects/Projet_Stage/paie-marin/vendor/laravel/framework/src/Illuminate/Database/Migrations/Migrator.php(442): Illuminate\\Database\\Migrations\\Migrator->runMethod()
#9 /home/elyas/Projects/Projet_Stage/paie-marin/vendor/laravel/framework/src/Illuminate/Database/Concerns/ManagesTransactions.php(35): Illuminate\\Database\\Migrations\\Migrator->{closure:Illuminate\\Database\\Migrations\\Migrator::runMigration():438}()
#10 /home/elyas/Projects/Projet_Stage/paie-marin/vendor/laravel/framework/src/Illuminate/Database/Migrations/Migrator.php(450): Illuminate\\Database\\Connection->transaction()
#11 /home/elyas/Projects/Projet_Stage/paie-marin/vendor/laravel/framework/src/Illuminate/Database/Migrations/Migrator.php(253): Illuminate\\Database\\Migrations\\Migrator->runMigration()
#12 /home/elyas/Projects/Projet_Stage/paie-marin/vendor/laravel/framework/src/Illuminate/Console/View/Components/Task.php(43): Illuminate\\Database\\Migrations\\Migrator->{closure:Illuminate\\Database\\Migrations\\Migrator::runUp():253}()
#13 /home/elyas/Projects/Projet_Stage/paie-marin/vendor/laravel/framework/src/Illuminate/Database/Migrations/Migrator.php(853): Illuminate\\Console\\View\\Components\\Task->render()
#14 /home/elyas/Projects/Projet_Stage/paie-marin/vendor/laravel/framework/src/Illuminate/Database/Migrations/Migrator.php(253): Illuminate\\Database\\Migrations\\Migrator->write()
#15 /home/elyas/Projects/Projet_Stage/paie-marin/vendor/laravel/framework/src/Illuminate/Database/Migrations/Migrator.php(211): Illuminate\\Database\\Migrations\\Migrator->runUp()
#16 /home/elyas/Projects/Projet_Stage/paie-marin/vendor/laravel/framework/src/Illuminate/Database/Migrations/Migrator.php(138): Illuminate\\Database\\Migrations\\Migrator->runPending()
#17 /home/elyas/Projects/Projet_Stage/paie-marin/vendor/laravel/framework/src/Illuminate/Database/Console/Migrations/MigrateCommand.php(118): Illuminate\\Database\\Migrations\\Migrator->run()
#18 /home/elyas/Projects/Projet_Stage/paie-marin/vendor/laravel/framework/src/Illuminate/Database/Migrations/Migrator.php(672): Illuminate\\Database\\Console\\Migrations\\MigrateCommand->{closure:Illuminate\\Database\\Console\\Migrations\\MigrateCommand::runMigrations():111}()
#19 /home/elyas/Projects/Projet_Stage/paie-marin/vendor/laravel/framework/src/Illuminate/Database/Console/Migrations/MigrateCommand.php(111): Illuminate\\Database\\Migrations\\Migrator->usingConnection()
#20 /home/elyas/Projects/Projet_Stage/paie-marin/vendor/laravel/framework/src/Illuminate/Database/Console/Migrations/MigrateCommand.php(90): Illuminate\\Database\\Console\\Migrations\\MigrateCommand->runMigrations()
#21 /home/elyas/Projects/Projet_Stage/paie-marin/vendor/laravel/framework/src/Illuminate/Container/BoundMethod.php(36): Illuminate\\Database\\Console\\Migrations\\MigrateCommand->handle()
#22 /home/elyas/Projects/Projet_Stage/paie-marin/vendor/laravel/framework/src/Illuminate/Container/Util.php(43): Illuminate\\Container\\BoundMethod::{closure:Illuminate\\Container\\BoundMethod::call():35}()
#23 /home/elyas/Projects/Projet_Stage/paie-marin/vendor/laravel/framework/src/Illuminate/Container/BoundMethod.php(96): Illuminate\\Container\\Util::unwrapIfClosure()
#24 /home/elyas/Projects/Projet_Stage/paie-marin/vendor/laravel/framework/src/Illuminate/Container/BoundMethod.php(35): Illuminate\\Container\\BoundMethod::callBoundMethod()
#25 /home/elyas/Projects/Projet_Stage/paie-marin/vendor/laravel/framework/src/Illuminate/Container/Container.php(803): Illuminate\\Container\\BoundMethod::call()
#26 /home/elyas/Projects/Projet_Stage/paie-marin/vendor/laravel/framework/src/Illuminate/Console/Command.php(292): Illuminate\\Container\\Container->call()
#27 /home/elyas/Projects/Projet_Stage/paie-marin/vendor/symfony/console/Command/Command.php(285): Illuminate\\Console\\Command->execute()
#28 /home/elyas/Projects/Projet_Stage/paie-marin/vendor/laravel/framework/src/Illuminate/Console/Command.php(261): Symfony\\Component\\Console\\Command\\Command->run()
#29 /home/elyas/Projects/Projet_Stage/paie-marin/vendor/laravel/framework/src/Illuminate/Console/Concerns/CallsCommands.php(68): Illuminate\\Console\\Command->run()
#30 /home/elyas/Projects/Projet_Stage/paie-marin/vendor/laravel/framework/src/Illuminate/Console/Concerns/CallsCommands.php(29): Illuminate\\Console\\Command->runCommand()
#31 /home/elyas/Projects/Projet_Stage/paie-marin/vendor/laravel/framework/src/Illuminate/Database/Console/Migrations/FreshCommand.php(96): Illuminate\\Console\\Command->call()
#32 /home/elyas/Projects/Projet_Stage/paie-marin/vendor/laravel/framework/src/Illuminate/Container/BoundMethod.php(36): Illuminate\\Database\\Console\\Migrations\\FreshCommand->handle()
#33 /home/elyas/Projects/Projet_Stage/paie-marin/vendor/laravel/framework/src/Illuminate/Container/Util.php(43): Illuminate\\Container\\BoundMethod::{closure:Illuminate\\Container\\BoundMethod::call():35}()
#34 /home/elyas/Projects/Projet_Stage/paie-marin/vendor/laravel/framework/src/Illuminate/Container/BoundMethod.php(96): Illuminate\\Container\\Util::unwrapIfClosure()
#35 /home/elyas/Projects/Projet_Stage/paie-marin/vendor/laravel/framework/src/Illuminate/Container/BoundMethod.php(35): Illuminate\\Container\\BoundMethod::callBoundMethod()
#36 /home/elyas/Projects/Projet_Stage/paie-marin/vendor/laravel/framework/src/Illuminate/Container/Container.php(803): Illuminate\\Container\\BoundMethod::call()
#37 /home/elyas/Projects/Projet_Stage/paie-marin/vendor/laravel/framework/src/Illuminate/Console/Command.php(292): Illuminate\\Container\\Container->call()
#38 /home/elyas/Projects/Projet_Stage/paie-marin/vendor/symfony/console/Command/Command.php(285): Illuminate\\Console\\Command->execute()
#39 /home/elyas/Projects/Projet_Stage/paie-marin/vendor/laravel/framework/src/Illuminate/Console/Command.php(261): Symfony\\Component\\Console\\Command\\Command->run()
#40 /home/elyas/Projects/Projet_Stage/paie-marin/vendor/symfony/console/Application.php(1144): Illuminate\\Console\\Command->run()
#41 /home/elyas/Projects/Projet_Stage/paie-marin/vendor/symfony/console/Application.php(379): Symfony\\Component\\Console\\Application->doRunCommand()
#42 /home/elyas/Projects/Projet_Stage/paie-marin/vendor/symfony/console/Application.php(218): Symfony\\Component\\Console\\Application->doRun()
#43 /home/elyas/Projects/Projet_Stage/paie-marin/vendor/laravel/framework/src/Illuminate/Foundation/Console/Kernel.php(198): Symfony\\Component\\Console\\Application->run()
#44 /home/elyas/Projects/Projet_Stage/paie-marin/vendor/laravel/framework/src/Illuminate/Foundation/Application.php(1242): Illuminate\\Foundation\\Console\\Kernel->handle()
#45 /home/elyas/Projects/Projet_Stage/paie-marin/artisan(16): Illuminate\\Foundation\\Application->handleCommand()
#46 {main}

[previous exception] [object] (PDOException(code: 42P01): SQLSTATE[42P01]: Undefined table: 7 ERROR:  relation \"periodes_paies\" does not exist at /home/elyas/Projects/Projet_Stage/paie-marin/vendor/laravel/framework/src/Illuminate/Database/Connection.php:601)
[stacktrace]
#0 /home/elyas/Projects/Projet_Stage/paie-marin/vendor/laravel/framework/src/Illuminate/Database/Connection.php(601): PDOStatement->execute()
#1 /home/elyas/Projects/Projet_Stage/paie-marin/vendor/laravel/framework/src/Illuminate/Database/Connection.php(846): Illuminate\\Database\\Connection->{closure:Illuminate\\Database\\Connection::statement():590}()
#2 /home/elyas/Projects/Projet_Stage/paie-marin/vendor/laravel/framework/src/Illuminate/Database/Connection.php(813): Illuminate\\Database\\Connection->runQueryCallback()
#3 /home/elyas/Projects/Projet_Stage/paie-marin/vendor/laravel/framework/src/Illuminate/Database/Connection.php(590): Illuminate\\Database\\Connection->run()
#4 /home/elyas/Projects/Projet_Stage/paie-marin/vendor/laravel/framework/src/Illuminate/Database/Schema/Blueprint.php(122): Illuminate\\Database\\Connection->statement()
#5 /home/elyas/Projects/Projet_Stage/paie-marin/vendor/laravel/framework/src/Illuminate/Database/Schema/Builder.php(702): Illuminate\\Database\\Schema\\Blueprint->build()
#6 /home/elyas/Projects/Projet_Stage/paie-marin/vendor/laravel/framework/src/Illuminate/Database/Schema/Builder.php(520): Illuminate\\Database\\Schema\\Builder->build()
#7 /home/elyas/Projects/Projet_Stage/paie-marin/vendor/laravel/framework/src/Illuminate/Support/Facades/Facade.php(364): Illuminate\\Database\\Schema\\Builder->create()
#8 /home/elyas/Projects/Projet_Stage/paie-marin/database/migrations/2026_08_31_185516_create_bulletin_paie_table.php(14): Illuminate\\Support\\Facades\\Facade::__callStatic()
#9 /home/elyas/Projects/Projet_Stage/paie-marin/vendor/laravel/framework/src/Illuminate/Database/Migrations/Migrator.php(517): Illuminate\\Database\\Migrations\\Migration@anonymous->up()
#10 /home/elyas/Projects/Projet_Stage/paie-marin/vendor/laravel/framework/src/Illuminate/Database/Migrations/Migrator.php(442): Illuminate\\Database\\Migrations\\Migrator->runMethod()
#11 /home/elyas/Projects/Projet_Stage/paie-marin/vendor/laravel/framework/src/Illuminate/Database/Concerns/ManagesTransactions.php(35): Illuminate\\Database\\Migrations\\Migrator->{closure:Illuminate\\Database\\Migrations\\Migrator::runMigration():438}()
#12 /home/elyas/Projects/Projet_Stage/paie-marin/vendor/laravel/framework/src/Illuminate/Database/Migrations/Migrator.php(450): Illuminate\\Database\\Connection->transaction()
#13 /home/elyas/Projects/Projet_Stage/paie-marin/vendor/laravel/framework/src/Illuminate/Database/Migrations/Migrator.php(253): Illuminate\\Database\\Migrations\\Migrator->runMigration()
#14 /home/elyas/Projects/Projet_Stage/paie-marin/vendor/laravel/framework/src/Illuminate/Console/View/Components/Task.php(43): Illuminate\\Database\\Migrations\\Migrator->{closure:Illuminate\\Database\\Migrations\\Migrator::runUp():253}()
#15 /home/elyas/Projects/Projet_Stage/paie-marin/vendor/laravel/framework/src/Illuminate/Database/Migrations/Migrator.php(853): Illuminate\\Console\\View\\Components\\Task->render()
#16 /home/elyas/Projects/Projet_Stage/paie-marin/vendor/laravel/framework/src/Illuminate/Database/Migrations/Migrator.php(253): Illuminate\\Database\\Migrations\\Migrator->write()
#17 /home/elyas/Projects/Projet_Stage/paie-marin/vendor/laravel/framework/src/Illuminate/Database/Migrations/Migrator.php(211): Illuminate\\Database\\Migrations\\Migrator->runUp()
#18 /home/elyas/Projects/Projet_Stage/paie-marin/vendor/laravel/framework/src/Illuminate/Database/Migrations/Migrator.php(138): Illuminate\\Database\\Migrations\\Migrator->runPending()
#19 /home/elyas/Projects/Projet_Stage/paie-marin/vendor/laravel/framework/src/Illuminate/Database/Console/Migrations/MigrateCommand.php(118): Illuminate\\Database\\Migrations\\Migrator->run()
#20 /home/elyas/Projects/Projet_Stage/paie-marin/vendor/laravel/framework/src/Illuminate/Database/Migrations/Migrator.php(672): Illuminate\\Database\\Console\\Migrations\\MigrateCommand->{closure:Illuminate\\Database\\Console\\Migrations\\MigrateCommand::runMigrations():111}()
#21 /home/elyas/Projects/Projet_Stage/paie-marin/vendor/laravel/framework/src/Illuminate/Database/Console/Migrations/MigrateCommand.php(111): Illuminate\\Database\\Migrations\\Migrator->usingConnection()
#22 /home/elyas/Projects/Projet_Stage/paie-marin/vendor/laravel/framework/src/Illuminate/Database/Console/Migrations/MigrateCommand.php(90): Illuminate\\Database\\Console\\Migrations\\MigrateCommand->runMigrations()
#23 /home/elyas/Projects/Projet_Stage/paie-marin/vendor/laravel/framework/src/Illuminate/Container/BoundMethod.php(36): Illuminate\\Database\\Console\\Migrations\\MigrateCommand->handle()
#24 /home/elyas/Projects/Projet_Stage/paie-marin/vendor/laravel/framework/src/Illuminate/Container/Util.php(43): Illuminate\\Container\\BoundMethod::{closure:Illuminate\\Container\\BoundMethod::call():35}()
#25 /home/elyas/Projects/Projet_Stage/paie-marin/vendor/laravel/framework/src/Illuminate/Container/BoundMethod.php(96): Illuminate\\Container\\Util::unwrapIfClosure()
#26 /home/elyas/Projects/Projet_Stage/paie-marin/vendor/laravel/framework/src/Illuminate/Container/BoundMethod.php(35): Illuminate\\Container\\BoundMethod::callBoundMethod()
#27 /home/elyas/Projects/Projet_Stage/paie-marin/vendor/laravel/framework/src/Illuminate/Container/Container.php(803): Illuminate\\Container\\BoundMethod::call()
#28 /home/elyas/Projects/Projet_Stage/paie-marin/vendor/laravel/framework/src/Illuminate/Console/Command.php(292): Illuminate\\Container\\Container->call()
#29 /home/elyas/Projects/Projet_Stage/paie-marin/vendor/symfony/console/Command/Command.php(285): Illuminate\\Console\\Command->execute()
#30 /home/elyas/Projects/Projet_Stage/paie-marin/vendor/laravel/framework/src/Illuminate/Console/Command.php(261): Symfony\\Component\\Console\\Command\\Command->run()
#31 /home/elyas/Projects/Projet_Stage/paie-marin/vendor/laravel/framework/src/Illuminate/Console/Concerns/CallsCommands.php(68): Illuminate\\Console\\Command->run()
#32 /home/elyas/Projects/Projet_Stage/paie-marin/vendor/laravel/framework/src/Illuminate/Console/Concerns/CallsCommands.php(29): Illuminate\\Console\\Command->runCommand()
#33 /home/elyas/Projects/Projet_Stage/paie-marin/vendor/laravel/framework/src/Illuminate/Database/Console/Migrations/FreshCommand.php(96): Illuminate\\Console\\Command->call()
#34 /home/elyas/Projects/Projet_Stage/paie-marin/vendor/laravel/framework/src/Illuminate/Container/BoundMethod.php(36): Illuminate\\Database\\Console\\Migrations\\FreshCommand->handle()
#35 /home/elyas/Projects/Projet_Stage/paie-marin/vendor/laravel/framework/src/Illuminate/Container/Util.php(43): Illuminate\\Container\\BoundMethod::{closure:Illuminate\\Container\\BoundMethod::call():35}()
#36 /home/elyas/Projects/Projet_Stage/paie-marin/vendor/laravel/framework/src/Illuminate/Container/BoundMethod.php(96): Illuminate\\Container\\Util::unwrapIfClosure()
#37 /home/elyas/Projects/Projet_Stage/paie-marin/vendor/laravel/framework/src/Illuminate/Container/BoundMethod.php(35): Illuminate\\Container\\BoundMethod::callBoundMethod()
#38 /home/elyas/Projects/Projet_Stage/paie-marin/vendor/laravel/framework/src/Illuminate/Container/Container.php(803): Illuminate\\Container\\BoundMethod::call()
#39 /home/elyas/Projects/Projet_Stage/paie-marin/vendor/laravel/framework/src/Illuminate/Console/Command.php(292): Illuminate\\Container\\Container->call()
#40 /home/elyas/Projects/Projet_Stage/paie-marin/vendor/symfony/console/Command/Command.php(285): Illuminate\\Console\\Command->execute()
#41 /home/elyas/Projects/Projet_Stage/paie-marin/vendor/laravel/framework/src/Illuminate/Console/Command.php(261): Symfony\\Component\\Console\\Command\\Command->run()
#42 /home/elyas/Projects/Projet_Stage/paie-marin/vendor/symfony/console/Application.php(1144): Illuminate\\Console\\Command->run()
#43 /home/elyas/Projects/Projet_Stage/paie-marin/vendor/symfony/console/Application.php(379): Symfony\\Component\\Console\\Application->doRunCommand()
#44 /home/elyas/Projects/Projet_Stage/paie-marin/vendor/symfony/console/Application.php(218): Symfony\\Component\\Console\\Application->doRun()
#45 /home/elyas/Projects/Projet_Stage/paie-marin/vendor/laravel/framework/src/Illuminate/Foundation/Console/Kernel.php(198): Symfony\\Component\\Console\\Application->run()
#46 /home/elyas/Projects/Projet_Stage/paie-marin/vendor/laravel/framework/src/Illuminate/Foundation/Application.php(1242): Illuminate\\Foundation\\Console\\Kernel->handle()
#47 /home/elyas/Projects/Projet_Stage/paie-marin/artisan(16): Illuminate\\Foundation\\Application->handleCommand()
#48 {main}
"} 
[2026-09-01 06:09:17] local.ERROR: SQLSTATE[42703]: Undefined column: 7 ERROR:  column "employer_id" of relation "affectations_marin" does not exist
LINE 1: insert into "affectations_marin" ("employer_id", "navire_id"...
                                          ^ (Connection: pgsql, Host: 127.0.0.1, Port: 5432, Database: paie, SQL: insert into "affectations_marin" ("employer_id", "navire_id", "fonction_id", "contrat_armateur_id", "date_embt", "date_debt", "taux_journalier", "devise_id", "statut", "updated_at", "created_at") values (1, 1, 1, 1, 2026-08-01 00:00:00, 2026-08-31 00:00:00, 100, 1, actif, 2026-09-01 06:09:17, 2026-09-01 06:09:17) returning "id") {"exception":"[object] (Illuminate\\Database\\QueryException(code: 42703): SQLSTATE[42703]: Undefined column: 7 ERROR:  column \"employer_id\" of relation \"affectations_marin\" does not exist
LINE 1: insert into \"affectations_marin\" (\"employer_id\", \"navire_id\"...
                                          ^ (Connection: pgsql, Host: 127.0.0.1, Port: 5432, Database: paie, SQL: insert into \"affectations_marin\" (\"employer_id\", \"navire_id\", \"fonction_id\", \"contrat_armateur_id\", \"date_embt\", \"date_debt\", \"taux_journalier\", \"devise_id\", \"statut\", \"updated_at\", \"created_at\") values (1, 1, 1, 1, 2026-08-01 00:00:00, 2026-08-31 00:00:00, 100, 1, actif, 2026-09-01 06:09:17, 2026-09-01 06:09:17) returning \"id\") at /home/elyas/Projects/Projet_Stage/paie-marin/vendor/laravel/framework/src/Illuminate/Database/Connection.php:857)
[stacktrace]
#0 /home/elyas/Projects/Projet_Stage/paie-marin/vendor/laravel/framework/src/Illuminate/Database/Connection.php(813): Illuminate\\Database\\Connection->runQueryCallback()
#1 /home/elyas/Projects/Projet_Stage/paie-marin/vendor/laravel/framework/src/Illuminate/Database/Connection.php(426): Illuminate\\Database\\Connection->run()
#2 /home/elyas/Projects/Projet_Stage/paie-marin/vendor/laravel/framework/src/Illuminate/Database/Connection.php(412): Illuminate\\Database\\Connection->select()
#3 /home/elyas/Projects/Projet_Stage/paie-marin/vendor/laravel/framework/src/Illuminate/Database/Query/Processors/PostgresProcessor.php(24): Illuminate\\Database\\Connection->selectFromWriteConnection()
#4 /home/elyas/Projects/Projet_Stage/paie-marin/vendor/laravel/framework/src/Illuminate/Database/Query/Builder.php(4313): Illuminate\\Database\\Query\\Processors\\PostgresProcessor->processInsertGetId()
#5 /home/elyas/Projects/Projet_Stage/paie-marin/vendor/laravel/framework/src/Illuminate/Database/Eloquent/Builder.php(2303): Illuminate\\Database\\Query\\Builder->insertGetId()
#6 /home/elyas/Projects/Projet_Stage/paie-marin/vendor/laravel/framework/src/Illuminate/Database/Eloquent/Model.php(1687): Illuminate\\Database\\Eloquent\\Builder->__call()
#7 /home/elyas/Projects/Projet_Stage/paie-marin/vendor/laravel/framework/src/Illuminate/Database/Eloquent/Model.php(1603): Illuminate\\Database\\Eloquent\\Model->insertAndSetId()
#8 /home/elyas/Projects/Projet_Stage/paie-marin/vendor/laravel/framework/src/Illuminate/Database/Eloquent/Model.php(1407): Illuminate\\Database\\Eloquent\\Model->performInsert()
#9 /home/elyas/Projects/Projet_Stage/paie-marin/vendor/laravel/framework/src/Illuminate/Database/Eloquent/Builder.php(1257): Illuminate\\Database\\Eloquent\\Model->save()
#10 /home/elyas/Projects/Projet_Stage/paie-marin/vendor/laravel/framework/src/Illuminate/Support/helpers.php(393): Illuminate\\Database\\Eloquent\\Builder->{closure:Illuminate\\Database\\Eloquent\\Builder::create():1256}()
#11 /home/elyas/Projects/Projet_Stage/paie-marin/vendor/laravel/framework/src/Illuminate/Database/Eloquent/Builder.php(1256): tap()
#12 /home/elyas/Projects/Projet_Stage/paie-marin/vendor/laravel/framework/src/Illuminate/Support/Traits/ForwardsCalls.php(23): Illuminate\\Database\\Eloquent\\Builder->create()
#13 /home/elyas/Projects/Projet_Stage/paie-marin/vendor/laravel/framework/src/Illuminate/Database/Eloquent/Model.php(2871): Illuminate\\Database\\Eloquent\\Model->forwardCallTo()
#14 /home/elyas/Projects/Projet_Stage/paie-marin/vendor/laravel/framework/src/Illuminate/Database/Eloquent/Model.php(2887): Illuminate\\Database\\Eloquent\\Model->__call()
#15 /home/elyas/Projects/Projet_Stage/paie-marin/database/seeders/TestSeeder.php(78): Illuminate\\Database\\Eloquent\\Model::__callStatic()
#16 /home/elyas/Projects/Projet_Stage/paie-marin/vendor/laravel/framework/src/Illuminate/Container/BoundMethod.php(36): Database\\Seeders\\TestSeeder->run()
#17 /home/elyas/Projects/Projet_Stage/paie-marin/vendor/laravel/framework/src/Illuminate/Container/Util.php(43): Illuminate\\Container\\BoundMethod::{closure:Illuminate\\Container\\BoundMethod::call():35}()
#18 /home/elyas/Projects/Projet_Stage/paie-marin/vendor/laravel/framework/src/Illuminate/Container/BoundMethod.php(96): Illuminate\\Container\\Util::unwrapIfClosure()
#19 /home/elyas/Projects/Projet_Stage/paie-marin/vendor/laravel/framework/src/Illuminate/Container/BoundMethod.php(35): Illuminate\\Container\\BoundMethod::callBoundMethod()
#20 /home/elyas/Projects/Projet_Stage/paie-marin/vendor/laravel/framework/src/Illuminate/Container/Container.php(803): Illuminate\\Container\\BoundMethod::call()
#21 /home/elyas/Projects/Projet_Stage/paie-marin/vendor/laravel/framework/src/Illuminate/Database/Seeder.php(184): Illuminate\\Container\\Container->call()
#22 /home/elyas/Projects/Projet_Stage/paie-marin/vendor/laravel/framework/src/Illuminate/Database/Seeder.php(191): Illuminate\\Database\\Seeder->{closure:Illuminate\\Database\\Seeder::__invoke():183}()
#23 /home/elyas/Projects/Projet_Stage/paie-marin/vendor/laravel/framework/src/Illuminate/Database/Console/Seeds/SeedCommand.php(88): Illuminate\\Database\\Seeder->__invoke()
#24 /home/elyas/Projects/Projet_Stage/paie-marin/vendor/laravel/framework/src/Illuminate/Database/Eloquent/Concerns/GuardsAttributes.php(188): Illuminate\\Database\\Console\\Seeds\\SeedCommand->{closure:Illuminate\\Database\\Console\\Seeds\\SeedCommand::handle():87}()
#25 /home/elyas/Projects/Projet_Stage/paie-marin/vendor/laravel/framework/src/Illuminate/Database/Console/Seeds/SeedCommand.php(87): Illuminate\\Database\\Eloquent\\Model::unguarded()
#26 /home/elyas/Projects/Projet_Stage/paie-marin/vendor/laravel/framework/src/Illuminate/Container/BoundMethod.php(36): Illuminate\\Database\\Console\\Seeds\\SeedCommand->handle()
#27 /home/elyas/Projects/Projet_Stage/paie-marin/vendor/laravel/framework/src/Illuminate/Container/Util.php(43): Illuminate\\Container\\BoundMethod::{closure:Illuminate\\Container\\BoundMethod::call():35}()
#28 /home/elyas/Projects/Projet_Stage/paie-marin/vendor/laravel/framework/src/Illuminate/Container/BoundMethod.php(96): Illuminate\\Container\\Util::unwrapIfClosure()
#29 /home/elyas/Projects/Projet_Stage/paie-marin/vendor/laravel/framework/src/Illuminate/Container/BoundMethod.php(35): Illuminate\\Container\\BoundMethod::callBoundMethod()
#30 /home/elyas/Projects/Projet_Stage/paie-marin/vendor/laravel/framework/src/Illuminate/Container/Container.php(803): Illuminate\\Container\\BoundMethod::call()
#31 /home/elyas/Projects/Projet_Stage/paie-marin/vendor/laravel/framework/src/Illuminate/Console/Command.php(292): Illuminate\\Container\\Container->call()
#32 /home/elyas/Projects/Projet_Stage/paie-marin/vendor/symfony/console/Command/Command.php(285): Illuminate\\Console\\Command->execute()
#33 /home/elyas/Projects/Projet_Stage/paie-marin/vendor/laravel/framework/src/Illuminate/Console/Command.php(261): Symfony\\Component\\Console\\Command\\Command->run()
#34 /home/elyas/Projects/Projet_Stage/paie-marin/vendor/symfony/console/Application.php(1144): Illuminate\\Console\\Command->run()
#35 /home/elyas/Projects/Projet_Stage/paie-marin/vendor/symfony/console/Application.php(379): Symfony\\Component\\Console\\Application->doRunCommand()
#36 /home/elyas/Projects/Projet_Stage/paie-marin/vendor/symfony/console/Application.php(218): Symfony\\Component\\Console\\Application->doRun()
#37 /home/elyas/Projects/Projet_Stage/paie-marin/vendor/laravel/framework/src/Illuminate/Foundation/Console/Kernel.php(198): Symfony\\Component\\Console\\Application->run()
#38 /home/elyas/Projects/Projet_Stage/paie-marin/vendor/laravel/framework/src/Illuminate/Foundation/Application.php(1242): Illuminate\\Foundation\\Console\\Kernel->handle()
#39 /home/elyas/Projects/Projet_Stage/paie-marin/artisan(16): Illuminate\\Foundation\\Application->handleCommand()
#40 {main}

[previous exception] [object] (PDOException(code: 42703): SQLSTATE[42703]: Undefined column: 7 ERROR:  column \"employer_id\" of relation \"affectations_marin\" does not exist
LINE 1: insert into \"affectations_marin\" (\"employer_id\", \"navire_id\"...
                                          ^ at /home/elyas/Projects/Projet_Stage/paie-marin/vendor/laravel/framework/src/Illuminate/Database/Connection.php:440)
[stacktrace]
#0 /home/elyas/Projects/Projet_Stage/paie-marin/vendor/laravel/framework/src/Illuminate/Database/Connection.php(440): PDOStatement->execute()
#1 /home/elyas/Projects/Projet_Stage/paie-marin/vendor/laravel/framework/src/Illuminate/Database/Connection.php(846): Illuminate\\Database\\Connection->{closure:Illuminate\\Database\\Connection::select():426}()
#2 /home/elyas/Projects/Projet_Stage/paie-marin/vendor/laravel/framework/src/Illuminate/Database/Connection.php(813): Illuminate\\Database\\Connection->runQueryCallback()
#3 /home/elyas/Projects/Projet_Stage/paie-marin/vendor/laravel/framework/src/Illuminate/Database/Connection.php(426): Illuminate\\Database\\Connection->run()
#4 /home/elyas/Projects/Projet_Stage/paie-marin/vendor/laravel/framework/src/Illuminate/Database/Connection.php(412): Illuminate\\Database\\Connection->select()
#5 /home/elyas/Projects/Projet_Stage/paie-marin/vendor/laravel/framework/src/Illuminate/Database/Query/Processors/PostgresProcessor.php(24): Illuminate\\Database\\Connection->selectFromWriteConnection()
#6 /home/elyas/Projects/Projet_Stage/paie-marin/vendor/laravel/framework/src/Illuminate/Database/Query/Builder.php(4313): Illuminate\\Database\\Query\\Processors\\PostgresProcessor->processInsertGetId()
#7 /home/elyas/Projects/Projet_Stage/paie-marin/vendor/laravel/framework/src/Illuminate/Database/Eloquent/Builder.php(2303): Illuminate\\Database\\Query\\Builder->insertGetId()
#8 /home/elyas/Projects/Projet_Stage/paie-marin/vendor/laravel/framework/src/Illuminate/Database/Eloquent/Model.php(1687): Illuminate\\Database\\Eloquent\\Builder->__call()
#9 /home/elyas/Projects/Projet_Stage/paie-marin/vendor/laravel/framework/src/Illuminate/Database/Eloquent/Model.php(1603): Illuminate\\Database\\Eloquent\\Model->insertAndSetId()
#10 /home/elyas/Projects/Projet_Stage/paie-marin/vendor/laravel/framework/src/Illuminate/Database/Eloquent/Model.php(1407): Illuminate\\Database\\Eloquent\\Model->performInsert()
#11 /home/elyas/Projects/Projet_Stage/paie-marin/vendor/laravel/framework/src/Illuminate/Database/Eloquent/Builder.php(1257): Illuminate\\Database\\Eloquent\\Model->save()
#12 /home/elyas/Projects/Projet_Stage/paie-marin/vendor/laravel/framework/src/Illuminate/Support/helpers.php(393): Illuminate\\Database\\Eloquent\\Builder->{closure:Illuminate\\Database\\Eloquent\\Builder::create():1256}()
#13 /home/elyas/Projects/Projet_Stage/paie-marin/vendor/laravel/framework/src/Illuminate/Database/Eloquent/Builder.php(1256): tap()
#14 /home/elyas/Projects/Projet_Stage/paie-marin/vendor/laravel/framework/src/Illuminate/Support/Traits/ForwardsCalls.php(23): Illuminate\\Database\\Eloquent\\Builder->create()
#15 /home/elyas/Projects/Projet_Stage/paie-marin/vendor/laravel/framework/src/Illuminate/Database/Eloquent/Model.php(2871): Illuminate\\Database\\Eloquent\\Model->forwardCallTo()
#16 /home/elyas/Projects/Projet_Stage/paie-marin/vendor/laravel/framework/src/Illuminate/Database/Eloquent/Model.php(2887): Illuminate\\Database\\Eloquent\\Model->__call()
#17 /home/elyas/Projects/Projet_Stage/paie-marin/database/seeders/TestSeeder.php(78): Illuminate\\Database\\Eloquent\\Model::__callStatic()
#18 /home/elyas/Projects/Projet_Stage/paie-marin/vendor/laravel/framework/src/Illuminate/Container/BoundMethod.php(36): Database\\Seeders\\TestSeeder->run()
#19 /home/elyas/Projects/Projet_Stage/paie-marin/vendor/laravel/framework/src/Illuminate/Container/Util.php(43): Illuminate\\Container\\BoundMethod::{closure:Illuminate\\Container\\BoundMethod::call():35}()
#20 /home/elyas/Projects/Projet_Stage/paie-marin/vendor/laravel/framework/src/Illuminate/Container/BoundMethod.php(96): Illuminate\\Container\\Util::unwrapIfClosure()
#21 /home/elyas/Projects/Projet_Stage/paie-marin/vendor/laravel/framework/src/Illuminate/Container/BoundMethod.php(35): Illuminate\\Container\\BoundMethod::callBoundMethod()
#22 /home/elyas/Projects/Projet_Stage/paie-marin/vendor/laravel/framework/src/Illuminate/Container/Container.php(803): Illuminate\\Container\\BoundMethod::call()
#23 /home/elyas/Projects/Projet_Stage/paie-marin/vendor/laravel/framework/src/Illuminate/Database/Seeder.php(184): Illuminate\\Container\\Container->call()
#24 /home/elyas/Projects/Projet_Stage/paie-marin/vendor/laravel/framework/src/Illuminate/Database/Seeder.php(191): Illuminate\\Database\\Seeder->{closure:Illuminate\\Database\\Seeder::__invoke():183}()
#25 /home/elyas/Projects/Projet_Stage/paie-marin/vendor/laravel/framework/src/Illuminate/Database/Console/Seeds/SeedCommand.php(88): Illuminate\\Database\\Seeder->__invoke()
#26 /home/elyas/Projects/Projet_Stage/paie-marin/vendor/laravel/framework/src/Illuminate/Database/Eloquent/Concerns/GuardsAttributes.php(188): Illuminate\\Database\\Console\\Seeds\\SeedCommand->{closure:Illuminate\\Database\\Console\\Seeds\\SeedCommand::handle():87}()
#27 /home/elyas/Projects/Projet_Stage/paie-marin/vendor/laravel/framework/src/Illuminate/Database/Console/Seeds/SeedCommand.php(87): Illuminate\\Database\\Eloquent\\Model::unguarded()
#28 /home/elyas/Projects/Projet_Stage/paie-marin/vendor/laravel/framework/src/Illuminate/Container/BoundMethod.php(36): Illuminate\\Database\\Console\\Seeds\\SeedCommand->handle()
#29 /home/elyas/Projects/Projet_Stage/paie-marin/vendor/laravel/framework/src/Illuminate/Container/Util.php(43): Illuminate\\Container\\BoundMethod::{closure:Illuminate\\Container\\BoundMethod::call():35}()
#30 /home/elyas/Projects/Projet_Stage/paie-marin/vendor/laravel/framework/src/Illuminate/Container/BoundMethod.php(96): Illuminate\\Container\\Util::unwrapIfClosure()
#31 /home/elyas/Projects/Projet_Stage/paie-marin/vendor/laravel/framework/src/Illuminate/Container/BoundMethod.php(35): Illuminate\\Container\\BoundMethod::callBoundMethod()
#32 /home/elyas/Projects/Projet_Stage/paie-marin/vendor/laravel/framework/src/Illuminate/Container/Container.php(803): Illuminate\\Container\\BoundMethod::call()
#33 /home/elyas/Projects/Projet_Stage/paie-marin/vendor/laravel/framework/src/Illuminate/Console/Command.php(292): Illuminate\\Container\\Container->call()
#34 /home/elyas/Projects/Projet_Stage/paie-marin/vendor/symfony/console/Command/Command.php(285): Illuminate\\Console\\Command->execute()
#35 /home/elyas/Projects/Projet_Stage/paie-marin/vendor/laravel/framework/src/Illuminate/Console/Command.php(261): Symfony\\Component\\Console\\Command\\Command->run()
#36 /home/elyas/Projects/Projet_Stage/paie-marin/vendor/symfony/console/Application.php(1144): Illuminate\\Console\\Command->run()
#37 /home/elyas/Projects/Projet_Stage/paie-marin/vendor/symfony/console/Application.php(379): Symfony\\Component\\Console\\Application->doRunCommand()
#38 /home/elyas/Projects/Projet_Stage/paie-marin/vendor/symfony/console/Application.php(218): Symfony\\Component\\Console\\Application->doRun()
#39 /home/elyas/Projects/Projet_Stage/paie-marin/vendor/laravel/framework/src/Illuminate/Foundation/Console/Kernel.php(198): Symfony\\Component\\Console\\Application->run()
#40 /home/elyas/Projects/Projet_Stage/paie-marin/vendor/laravel/framework/src/Illuminate/Foundation/Application.php(1242): Illuminate\\Foundation\\Console\\Kernel->handle()
#41 /home/elyas/Projects/Projet_Stage/paie-marin/artisan(16): Illuminate\\Foundation\\Application->handleCommand()
#42 {main}
"} 
[2026-09-01 06:16:46] local.ERROR: SQLSTATE[23505]: Unique violation: 7 ERROR:  duplicate key value violates unique constraint "devises_code_unique"
DETAIL:  Key (code)=(USD) already exists. (Connection: pgsql, Host: 127.0.0.1, Port: 5432, Database: paie, SQL: insert into "devises" ("code", "libelle", "symbole", "actif", "updated_at", "created_at") values (USD, Dollar américain, $, 1, 2026-09-01 06:16:46, 2026-09-01 06:16:46) returning "id") {"exception":"[object] (Illuminate\\Database\\UniqueConstraintViolationException(code: 23505): SQLSTATE[23505]: Unique violation: 7 ERROR:  duplicate key value violates unique constraint \"devises_code_unique\"
DETAIL:  Key (code)=(USD) already exists. (Connection: pgsql, Host: 127.0.0.1, Port: 5432, Database: paie, SQL: insert into \"devises\" (\"code\", \"libelle\", \"symbole\", \"actif\", \"updated_at\", \"created_at\") values (USD, Dollar américain, $, 1, 2026-09-01 06:16:46, 2026-09-01 06:16:46) returning \"id\") at /home/elyas/Projects/Projet_Stage/paie-marin/vendor/laravel/framework/src/Illuminate/Database/Connection.php:857)
[stacktrace]
#0 /home/elyas/Projects/Projet_Stage/paie-marin/vendor/laravel/framework/src/Illuminate/Database/Connection.php(813): Illuminate\\Database\\Connection->runQueryCallback()
#1 /home/elyas/Projects/Projet_Stage/paie-marin/vendor/laravel/framework/src/Illuminate/Database/Connection.php(426): Illuminate\\Database\\Connection->run()
#2 /home/elyas/Projects/Projet_Stage/paie-marin/vendor/laravel/framework/src/Illuminate/Database/Connection.php(412): Illuminate\\Database\\Connection->select()
#3 /home/elyas/Projects/Projet_Stage/paie-marin/vendor/laravel/framework/src/Illuminate/Database/Query/Processors/PostgresProcessor.php(24): Illuminate\\Database\\Connection->selectFromWriteConnection()
#4 /home/elyas/Projects/Projet_Stage/paie-marin/vendor/laravel/framework/src/Illuminate/Database/Query/Builder.php(4313): Illuminate\\Database\\Query\\Processors\\PostgresProcessor->processInsertGetId()
#5 /home/elyas/Projects/Projet_Stage/paie-marin/vendor/laravel/framework/src/Illuminate/Database/Eloquent/Builder.php(2303): Illuminate\\Database\\Query\\Builder->insertGetId()
#6 /home/elyas/Projects/Projet_Stage/paie-marin/vendor/laravel/framework/src/Illuminate/Database/Eloquent/Model.php(1687): Illuminate\\Database\\Eloquent\\Builder->__call()
#7 /home/elyas/Projects/Projet_Stage/paie-marin/vendor/laravel/framework/src/Illuminate/Database/Eloquent/Model.php(1603): Illuminate\\Database\\Eloquent\\Model->insertAndSetId()
#8 /home/elyas/Projects/Projet_Stage/paie-marin/vendor/laravel/framework/src/Illuminate/Database/Eloquent/Model.php(1407): Illuminate\\Database\\Eloquent\\Model->performInsert()
#9 /home/elyas/Projects/Projet_Stage/paie-marin/vendor/laravel/framework/src/Illuminate/Database/Eloquent/Builder.php(1257): Illuminate\\Database\\Eloquent\\Model->save()
#10 /home/elyas/Projects/Projet_Stage/paie-marin/vendor/laravel/framework/src/Illuminate/Support/helpers.php(393): Illuminate\\Database\\Eloquent\\Builder->{closure:Illuminate\\Database\\Eloquent\\Builder::create():1256}()
#11 /home/elyas/Projects/Projet_Stage/paie-marin/vendor/laravel/framework/src/Illuminate/Database/Eloquent/Builder.php(1256): tap()
#12 /home/elyas/Projects/Projet_Stage/paie-marin/vendor/laravel/framework/src/Illuminate/Support/Traits/ForwardsCalls.php(23): Illuminate\\Database\\Eloquent\\Builder->create()
#13 /home/elyas/Projects/Projet_Stage/paie-marin/vendor/laravel/framework/src/Illuminate/Database/Eloquent/Model.php(2871): Illuminate\\Database\\Eloquent\\Model->forwardCallTo()
#14 /home/elyas/Projects/Projet_Stage/paie-marin/vendor/laravel/framework/src/Illuminate/Database/Eloquent/Model.php(2887): Illuminate\\Database\\Eloquent\\Model->__call()
#15 /home/elyas/Projects/Projet_Stage/paie-marin/database/seeders/TestSeeder.php(13): Illuminate\\Database\\Eloquent\\Model::__callStatic()
#16 /home/elyas/Projects/Projet_Stage/paie-marin/vendor/laravel/framework/src/Illuminate/Container/BoundMethod.php(36): Database\\Seeders\\TestSeeder->run()
#17 /home/elyas/Projects/Projet_Stage/paie-marin/vendor/laravel/framework/src/Illuminate/Container/Util.php(43): Illuminate\\Container\\BoundMethod::{closure:Illuminate\\Container\\BoundMethod::call():35}()
#18 /home/elyas/Projects/Projet_Stage/paie-marin/vendor/laravel/framework/src/Illuminate/Container/BoundMethod.php(96): Illuminate\\Container\\Util::unwrapIfClosure()
#19 /home/elyas/Projects/Projet_Stage/paie-marin/vendor/laravel/framework/src/Illuminate/Container/BoundMethod.php(35): Illuminate\\Container\\BoundMethod::callBoundMethod()
#20 /home/elyas/Projects/Projet_Stage/paie-marin/vendor/laravel/framework/src/Illuminate/Container/Container.php(803): Illuminate\\Container\\BoundMethod::call()
#21 /home/elyas/Projects/Projet_Stage/paie-marin/vendor/laravel/framework/src/Illuminate/Database/Seeder.php(184): Illuminate\\Container\\Container->call()
#22 /home/elyas/Projects/Projet_Stage/paie-marin/vendor/laravel/framework/src/Illuminate/Database/Seeder.php(191): Illuminate\\Database\\Seeder->{closure:Illuminate\\Database\\Seeder::__invoke():183}()
#23 /home/elyas/Projects/Projet_Stage/paie-marin/vendor/laravel/framework/src/Illuminate/Database/Console/Seeds/SeedCommand.php(88): Illuminate\\Database\\Seeder->__invoke()
#24 /home/elyas/Projects/Projet_Stage/paie-marin/vendor/laravel/framework/src/Illuminate/Database/Eloquent/Concerns/GuardsAttributes.php(188): Illuminate\\Database\\Console\\Seeds\\SeedCommand->{closure:Illuminate\\Database\\Console\\Seeds\\SeedCommand::handle():87}()
#25 /home/elyas/Projects/Projet_Stage/paie-marin/vendor/laravel/framework/src/Illuminate/Database/Console/Seeds/SeedCommand.php(87): Illuminate\\Database\\Eloquent\\Model::unguarded()
#26 /home/elyas/Projects/Projet_Stage/paie-marin/vendor/laravel/framework/src/Illuminate/Container/BoundMethod.php(36): Illuminate\\Database\\Console\\Seeds\\SeedCommand->handle()
#27 /home/elyas/Projects/Projet_Stage/paie-marin/vendor/laravel/framework/src/Illuminate/Container/Util.php(43): Illuminate\\Container\\BoundMethod::{closure:Illuminate\\Container\\BoundMethod::call():35}()
#28 /home/elyas/Projects/Projet_Stage/paie-marin/vendor/laravel/framework/src/Illuminate/Container/BoundMethod.php(96): Illuminate\\Container\\Util::unwrapIfClosure()
#29 /home/elyas/Projects/Projet_Stage/paie-marin/vendor/laravel/framework/src/Illuminate/Container/BoundMethod.php(35): Illuminate\\Container\\BoundMethod::callBoundMethod()
#30 /home/elyas/Projects/Projet_Stage/paie-marin/vendor/laravel/framework/src/Illuminate/Container/Container.php(803): Illuminate\\Container\\BoundMethod::call()
#31 /home/elyas/Projects/Projet_Stage/paie-marin/vendor/laravel/framework/src/Illuminate/Console/Command.php(292): Illuminate\\Container\\Container->call()
#32 /home/elyas/Projects/Projet_Stage/paie-marin/vendor/symfony/console/Command/Command.php(285): Illuminate\\Console\\Command->execute()
#33 /home/elyas/Projects/Projet_Stage/paie-marin/vendor/laravel/framework/src/Illuminate/Console/Command.php(261): Symfony\\Component\\Console\\Command\\Command->run()
#34 /home/elyas/Projects/Projet_Stage/paie-marin/vendor/symfony/console/Application.php(1144): Illuminate\\Console\\Command->run()
#35 /home/elyas/Projects/Projet_Stage/paie-marin/vendor/symfony/console/Application.php(379): Symfony\\Component\\Console\\Application->doRunCommand()
#36 /home/elyas/Projects/Projet_Stage/paie-marin/vendor/symfony/console/Application.php(218): Symfony\\Component\\Console\\Application->doRun()
#37 /home/elyas/Projects/Projet_Stage/paie-marin/vendor/laravel/framework/src/Illuminate/Foundation/Console/Kernel.php(198): Symfony\\Component\\Console\\Application->run()
#38 /home/elyas/Projects/Projet_Stage/paie-marin/vendor/laravel/framework/src/Illuminate/Foundation/Application.php(1242): Illuminate\\Foundation\\Console\\Kernel->handle()
#39 /home/elyas/Projects/Projet_Stage/paie-marin/artisan(16): Illuminate\\Foundation\\Application->handleCommand()
#40 {main}

[previous exception] [object] (PDOException(code: 23505): SQLSTATE[23505]: Unique violation: 7 ERROR:  duplicate key value violates unique constraint \"devises_code_unique\"
DETAIL:  Key (code)=(USD) already exists. at /home/elyas/Projects/Projet_Stage/paie-marin/vendor/laravel/framework/src/Illuminate/Database/Connection.php:440)
[stacktrace]
#0 /home/elyas/Projects/Projet_Stage/paie-marin/vendor/laravel/framework/src/Illuminate/Database/Connection.php(440): PDOStatement->execute()
#1 /home/elyas/Projects/Projet_Stage/paie-marin/vendor/laravel/framework/src/Illuminate/Database/Connection.php(846): Illuminate\\Database\\Connection->{closure:Illuminate\\Database\\Connection::select():426}()
#2 /home/elyas/Projects/Projet_Stage/paie-marin/vendor/laravel/framework/src/Illuminate/Database/Connection.php(813): Illuminate\\Database\\Connection->runQueryCallback()
#3 /home/elyas/Projects/Projet_Stage/paie-marin/vendor/laravel/framework/src/Illuminate/Database/Connection.php(426): Illuminate\\Database\\Connection->run()
#4 /home/elyas/Projects/Projet_Stage/paie-marin/vendor/laravel/framework/src/Illuminate/Database/Connection.php(412): Illuminate\\Database\\Connection->select()
#5 /home/elyas/Projects/Projet_Stage/paie-marin/vendor/laravel/framework/src/Illuminate/Database/Query/Processors/PostgresProcessor.php(24): Illuminate\\Database\\Connection->selectFromWriteConnection()
#6 /home/elyas/Projects/Projet_Stage/paie-marin/vendor/laravel/framework/src/Illuminate/Database/Query/Builder.php(4313): Illuminate\\Database\\Query\\Processors\\PostgresProcessor->processInsertGetId()
#7 /home/elyas/Projects/Projet_Stage/paie-marin/vendor/laravel/framework/src/Illuminate/Database/Eloquent/Builder.php(2303): Illuminate\\Database\\Query\\Builder->insertGetId()
#8 /home/elyas/Projects/Projet_Stage/paie-marin/vendor/laravel/framework/src/Illuminate/Database/Eloquent/Model.php(1687): Illuminate\\Database\\Eloquent\\Builder->__call()
#9 /home/elyas/Projects/Projet_Stage/paie-marin/vendor/laravel/framework/src/Illuminate/Database/Eloquent/Model.php(1603): Illuminate\\Database\\Eloquent\\Model->insertAndSetId()
#10 /home/elyas/Projects/Projet_Stage/paie-marin/vendor/laravel/framework/src/Illuminate/Database/Eloquent/Model.php(1407): Illuminate\\Database\\Eloquent\\Model->performInsert()
#11 /home/elyas/Projects/Projet_Stage/paie-marin/vendor/laravel/framework/src/Illuminate/Database/Eloquent/Builder.php(1257): Illuminate\\Database\\Eloquent\\Model->save()
#12 /home/elyas/Projects/Projet_Stage/paie-marin/vendor/laravel/framework/src/Illuminate/Support/helpers.php(393): Illuminate\\Database\\Eloquent\\Builder->{closure:Illuminate\\Database\\Eloquent\\Builder::create():1256}()
#13 /home/elyas/Projects/Projet_Stage/paie-marin/vendor/laravel/framework/src/Illuminate/Database/Eloquent/Builder.php(1256): tap()
#14 /home/elyas/Projects/Projet_Stage/paie-marin/vendor/laravel/framework/src/Illuminate/Support/Traits/ForwardsCalls.php(23): Illuminate\\Database\\Eloquent\\Builder->create()
#15 /home/elyas/Projects/Projet_Stage/paie-marin/vendor/laravel/framework/src/Illuminate/Database/Eloquent/Model.php(2871): Illuminate\\Database\\Eloquent\\Model->forwardCallTo()
#16 /home/elyas/Projects/Projet_Stage/paie-marin/vendor/laravel/framework/src/Illuminate/Database/Eloquent/Model.php(2887): Illuminate\\Database\\Eloquent\\Model->__call()
#17 /home/elyas/Projects/Projet_Stage/paie-marin/database/seeders/TestSeeder.php(13): Illuminate\\Database\\Eloquent\\Model::__callStatic()
#18 /home/elyas/Projects/Projet_Stage/paie-marin/vendor/laravel/framework/src/Illuminate/Container/BoundMethod.php(36): Database\\Seeders\\TestSeeder->run()
#19 /home/elyas/Projects/Projet_Stage/paie-marin/vendor/laravel/framework/src/Illuminate/Container/Util.php(43): Illuminate\\Container\\BoundMethod::{closure:Illuminate\\Container\\BoundMethod::call():35}()
#20 /home/elyas/Projects/Projet_Stage/paie-marin/vendor/laravel/framework/src/Illuminate/Container/BoundMethod.php(96): Illuminate\\Container\\Util::unwrapIfClosure()
#21 /home/elyas/Projects/Projet_Stage/paie-marin/vendor/laravel/framework/src/Illuminate/Container/BoundMethod.php(35): Illuminate\\Container\\BoundMethod::callBoundMethod()
#22 /home/elyas/Projects/Projet_Stage/paie-marin/vendor/laravel/framework/src/Illuminate/Container/Container.php(803): Illuminate\\Container\\BoundMethod::call()
#23 /home/elyas/Projects/Projet_Stage/paie-marin/vendor/laravel/framework/src/Illuminate/Database/Seeder.php(184): Illuminate\\Container\\Container->call()
#24 /home/elyas/Projects/Projet_Stage/paie-marin/vendor/laravel/framework/src/Illuminate/Database/Seeder.php(191): Illuminate\\Database\\Seeder->{closure:Illuminate\\Database\\Seeder::__invoke():183}()
#25 /home/elyas/Projects/Projet_Stage/paie-marin/vendor/laravel/framework/src/Illuminate/Database/Console/Seeds/SeedCommand.php(88): Illuminate\\Database\\Seeder->__invoke()
#26 /home/elyas/Projects/Projet_Stage/paie-marin/vendor/laravel/framework/src/Illuminate/Database/Eloquent/Concerns/GuardsAttributes.php(188): Illuminate\\Database\\Console\\Seeds\\SeedCommand->{closure:Illuminate\\Database\\Console\\Seeds\\SeedCommand::handle():87}()
#27 /home/elyas/Projects/Projet_Stage/paie-marin/vendor/laravel/framework/src/Illuminate/Database/Console/Seeds/SeedCommand.php(87): Illuminate\\Database\\Eloquent\\Model::unguarded()
#28 /home/elyas/Projects/Projet_Stage/paie-marin/vendor/laravel/framework/src/Illuminate/Container/BoundMethod.php(36): Illuminate\\Database\\Console\\Seeds\\SeedCommand->handle()
#29 /home/elyas/Projects/Projet_Stage/paie-marin/vendor/laravel/framework/src/Illuminate/Container/Util.php(43): Illuminate\\Container\\BoundMethod::{closure:Illuminate\\Container\\BoundMethod::call():35}()
#30 /home/elyas/Projects/Projet_Stage/paie-marin/vendor/laravel/framework/src/Illuminate/Container/BoundMethod.php(96): Illuminate\\Container\\Util::unwrapIfClosure()
#31 /home/elyas/Projects/Projet_Stage/paie-marin/vendor/laravel/framework/src/Illuminate/Container/BoundMethod.php(35): Illuminate\\Container\\BoundMethod::callBoundMethod()
#32 /home/elyas/Projects/Projet_Stage/paie-marin/vendor/laravel/framework/src/Illuminate/Container/Container.php(803): Illuminate\\Container\\BoundMethod::call()
#33 /home/elyas/Projects/Projet_Stage/paie-marin/vendor/laravel/framework/src/Illuminate/Console/Command.php(292): Illuminate\\Container\\Container->call()
#34 /home/elyas/Projects/Projet_Stage/paie-marin/vendor/symfony/console/Command/Command.php(285): Illuminate\\Console\\Command->execute()
#35 /home/elyas/Projects/Projet_Stage/paie-marin/vendor/laravel/framework/src/Illuminate/Console/Command.php(261): Symfony\\Component\\Console\\Command\\Command->run()
#36 /home/elyas/Projects/Projet_Stage/paie-marin/vendor/symfony/console/Application.php(1144): Illuminate\\Console\\Command->run()
#37 /home/elyas/Projects/Projet_Stage/paie-marin/vendor/symfony/console/Application.php(379): Symfony\\Component\\Console\\Application->doRunCommand()
#38 /home/elyas/Projects/Projet_Stage/paie-marin/vendor/symfony/console/Application.php(218): Symfony\\Component\\Console\\Application->doRun()
#39 /home/elyas/Projects/Projet_Stage/paie-marin/vendor/laravel/framework/src/Illuminate/Foundation/Console/Kernel.php(198): Symfony\\Component\\Console\\Application->run()
#40 /home/elyas/Projects/Projet_Stage/paie-marin/vendor/laravel/framework/src/Illuminate/Foundation/Application.php(1242): Illuminate\\Foundation\\Console\\Kernel->handle()
#41 /home/elyas/Projects/Projet_Stage/paie-marin/artisan(16): Illuminate\\Foundation\\Application->handleCommand()
#42 {main}
"} 
[2026-09-01 06:27:39] local.ERROR: Command "db:seeder" is not defined.

Did you mean one of these?
    db
    db:monitor
    db:seed
    db:show
    db:table
    db:wipe
    make:seeder {"exception":"[object] (Symfony\\Component\\Console\\Exception\\CommandNotFoundException(code: 0): Command \"db:seeder\" is not defined.

Did you mean one of these?
    db
    db:monitor
    db:seed
    db:show
    db:table
    db:wipe
    make:seeder at /home/elyas/Projects/Projet_Stage/paie-marin/vendor/symfony/console/Application.php:785)
[stacktrace]
#0 /home/elyas/Projects/Projet_Stage/paie-marin/vendor/symfony/console/Application.php(321): Symfony\\Component\\Console\\Application->find()
#1 /home/elyas/Projects/Projet_Stage/paie-marin/vendor/symfony/console/Application.php(218): Symfony\\Component\\Console\\Application->doRun()
#2 /home/elyas/Projects/Projet_Stage/paie-marin/vendor/laravel/framework/src/Illuminate/Foundation/Console/Kernel.php(198): Symfony\\Component\\Console\\Application->run()
#3 /home/elyas/Projects/Projet_Stage/paie-marin/vendor/laravel/framework/src/Illuminate/Foundation/Application.php(1242): Illuminate\\Foundation\\Console\\Kernel->handle()
#4 /home/elyas/Projects/Projet_Stage/paie-marin/artisan(16): Illuminate\\Foundation\\Application->handleCommand()
#5 {main}
"} 
[2026-09-01 06:28:32] local.ERROR: Command "db:seeder" is not defined.

Did you mean one of these?
    db
    db:monitor
    db:seed
    db:show
    db:table
    db:wipe
    make:seeder {"exception":"[object] (Symfony\\Component\\Console\\Exception\\CommandNotFoundException(code: 0): Command \"db:seeder\" is not defined.

Did you mean one of these?
    db
    db:monitor
    db:seed
    db:show
    db:table
    db:wipe
    make:seeder at /home/elyas/Projects/Projet_Stage/paie-marin/vendor/symfony/console/Application.php:785)
[stacktrace]
#0 /home/elyas/Projects/Projet_Stage/paie-marin/vendor/symfony/console/Application.php(321): Symfony\\Component\\Console\\Application->find()
#1 /home/elyas/Projects/Projet_Stage/paie-marin/vendor/symfony/console/Application.php(218): Symfony\\Component\\Console\\Application->doRun()
#2 /home/elyas/Projects/Projet_Stage/paie-marin/vendor/laravel/framework/src/Illuminate/Foundation/Console/Kernel.php(198): Symfony\\Component\\Console\\Application->run()
#3 /home/elyas/Projects/Projet_Stage/paie-marin/vendor/laravel/framework/src/Illuminate/Foundation/Application.php(1242): Illuminate\\Foundation\\Console\\Kernel->handle()
#4 /home/elyas/Projects/Projet_Stage/paie-marin/artisan(16): Illuminate\\Foundation\\Application->handleCommand()
#5 {main}
"} 
[2026-09-01 06:28:55] local.ERROR: Target class [Database\Seeders\ElemPaieSeeder] does not exist. {"exception":"[object] (Illuminate\\Contracts\\Container\\BindingResolutionException(code: 0): Target class [Database\\Seeders\\ElemPaieSeeder] does not exist. at /home/elyas/Projects/Projet_Stage/paie-marin/vendor/laravel/framework/src/Illuminate/Container/Container.php:1149)
[stacktrace]
#0 /home/elyas/Projects/Projet_Stage/paie-marin/vendor/laravel/framework/src/Illuminate/Container/Container.php(939): Illuminate\\Container\\Container->build()
#1 /home/elyas/Projects/Projet_Stage/paie-marin/vendor/laravel/framework/src/Illuminate/Foundation/Application.php(1085): Illuminate\\Container\\Container->resolve()
#2 /home/elyas/Projects/Projet_Stage/paie-marin/vendor/laravel/framework/src/Illuminate/Container/Container.php(867): Illuminate\\Foundation\\Application->resolve()
#3 /home/elyas/Projects/Projet_Stage/paie-marin/vendor/laravel/framework/src/Illuminate/Foundation/Application.php(1065): Illuminate\\Container\\Container->make()
#4 /home/elyas/Projects/Projet_Stage/paie-marin/vendor/laravel/framework/src/Illuminate/Database/Console/Seeds/SeedCommand.php(126): Illuminate\\Foundation\\Application->make()
#5 /home/elyas/Projects/Projet_Stage/paie-marin/vendor/laravel/framework/src/Illuminate/Database/Console/Seeds/SeedCommand.php(71): Illuminate\\Database\\Console\\Seeds\\SeedCommand->getSeeder()
#6 /home/elyas/Projects/Projet_Stage/paie-marin/vendor/laravel/framework/src/Illuminate/Container/BoundMethod.php(36): Illuminate\\Database\\Console\\Seeds\\SeedCommand->handle()
#7 /home/elyas/Projects/Projet_Stage/paie-marin/vendor/laravel/framework/src/Illuminate/Container/Util.php(43): Illuminate\\Container\\BoundMethod::{closure:Illuminate\\Container\\BoundMethod::call():35}()
#8 /home/elyas/Projects/Projet_Stage/paie-marin/vendor/laravel/framework/src/Illuminate/Container/BoundMethod.php(96): Illuminate\\Container\\Util::unwrapIfClosure()
#9 /home/elyas/Projects/Projet_Stage/paie-marin/vendor/laravel/framework/src/Illuminate/Container/BoundMethod.php(35): Illuminate\\Container\\BoundMethod::callBoundMethod()
#10 /home/elyas/Projects/Projet_Stage/paie-marin/vendor/laravel/framework/src/Illuminate/Container/Container.php(803): Illuminate\\Container\\BoundMethod::call()
#11 /home/elyas/Projects/Projet_Stage/paie-marin/vendor/laravel/framework/src/Illuminate/Console/Command.php(292): Illuminate\\Container\\Container->call()
#12 /home/elyas/Projects/Projet_Stage/paie-marin/vendor/symfony/console/Command/Command.php(285): Illuminate\\Console\\Command->execute()
#13 /home/elyas/Projects/Projet_Stage/paie-marin/vendor/laravel/framework/src/Illuminate/Console/Command.php(261): Symfony\\Component\\Console\\Command\\Command->run()
#14 /home/elyas/Projects/Projet_Stage/paie-marin/vendor/symfony/console/Application.php(1144): Illuminate\\Console\\Command->run()
#15 /home/elyas/Projects/Projet_Stage/paie-marin/vendor/symfony/console/Application.php(379): Symfony\\Component\\Console\\Application->doRunCommand()
#16 /home/elyas/Projects/Projet_Stage/paie-marin/vendor/symfony/console/Application.php(218): Symfony\\Component\\Console\\Application->doRun()
#17 /home/elyas/Projects/Projet_Stage/paie-marin/vendor/laravel/framework/src/Illuminate/Foundation/Console/Kernel.php(198): Symfony\\Component\\Console\\Application->run()
#18 /home/elyas/Projects/Projet_Stage/paie-marin/vendor/laravel/framework/src/Illuminate/Foundation/Application.php(1242): Illuminate\\Foundation\\Console\\Kernel->handle()
#19 /home/elyas/Projects/Projet_Stage/paie-marin/artisan(16): Illuminate\\Foundation\\Application->handleCommand()
#20 {main}

[previous exception] [object] (ReflectionException(code: -1): Class \"Database\\Seeders\\ElemPaieSeeder\" does not exist at /home/elyas/Projects/Projet_Stage/paie-marin/vendor/laravel/framework/src/Illuminate/Container/Container.php:1147)
[stacktrace]
#0 /home/elyas/Projects/Projet_Stage/paie-marin/vendor/laravel/framework/src/Illuminate/Container/Container.php(1147): ReflectionClass->__construct()
#1 /home/elyas/Projects/Projet_Stage/paie-marin/vendor/laravel/framework/src/Illuminate/Container/Container.php(939): Illuminate\\Container\\Container->build()
#2 /home/elyas/Projects/Projet_Stage/paie-marin/vendor/laravel/framework/src/Illuminate/Foundation/Application.php(1085): Illuminate\\Container\\Container->resolve()
#3 /home/elyas/Projects/Projet_Stage/paie-marin/vendor/laravel/framework/src/Illuminate/Container/Container.php(867): Illuminate\\Foundation\\Application->resolve()
#4 /home/elyas/Projects/Projet_Stage/paie-marin/vendor/laravel/framework/src/Illuminate/Foundation/Application.php(1065): Illuminate\\Container\\Container->make()
#5 /home/elyas/Projects/Projet_Stage/paie-marin/vendor/laravel/framework/src/Illuminate/Database/Console/Seeds/SeedCommand.php(126): Illuminate\\Foundation\\Application->make()
#6 /home/elyas/Projects/Projet_Stage/paie-marin/vendor/laravel/framework/src/Illuminate/Database/Console/Seeds/SeedCommand.php(71): Illuminate\\Database\\Console\\Seeds\\SeedCommand->getSeeder()
#7 /home/elyas/Projects/Projet_Stage/paie-marin/vendor/laravel/framework/src/Illuminate/Container/BoundMethod.php(36): Illuminate\\Database\\Console\\Seeds\\SeedCommand->handle()
#8 /home/elyas/Projects/Projet_Stage/paie-marin/vendor/laravel/framework/src/Illuminate/Container/Util.php(43): Illuminate\\Container\\BoundMethod::{closure:Illuminate\\Container\\BoundMethod::call():35}()
#9 /home/elyas/Projects/Projet_Stage/paie-marin/vendor/laravel/framework/src/Illuminate/Container/BoundMethod.php(96): Illuminate\\Container\\Util::unwrapIfClosure()
#10 /home/elyas/Projects/Projet_Stage/paie-marin/vendor/laravel/framework/src/Illuminate/Container/BoundMethod.php(35): Illuminate\\Container\\BoundMethod::callBoundMethod()
#11 /home/elyas/Projects/Projet_Stage/paie-marin/vendor/laravel/framework/src/Illuminate/Container/Container.php(803): Illuminate\\Container\\BoundMethod::call()
#12 /home/elyas/Projects/Projet_Stage/paie-marin/vendor/laravel/framework/src/Illuminate/Console/Command.php(292): Illuminate\\Container\\Container->call()
#13 /home/elyas/Projects/Projet_Stage/paie-marin/vendor/symfony/console/Command/Command.php(285): Illuminate\\Console\\Command->execute()
#14 /home/elyas/Projects/Projet_Stage/paie-marin/vendor/laravel/framework/src/Illuminate/Console/Command.php(261): Symfony\\Component\\Console\\Command\\Command->run()
#15 /home/elyas/Projects/Projet_Stage/paie-marin/vendor/symfony/console/Application.php(1144): Illuminate\\Console\\Command->run()
#16 /home/elyas/Projects/Projet_Stage/paie-marin/vendor/symfony/console/Application.php(379): Symfony\\Component\\Console\\Application->doRunCommand()
#17 /home/elyas/Projects/Projet_Stage/paie-marin/vendor/symfony/console/Application.php(218): Symfony\\Component\\Console\\Application->doRun()
#18 /home/elyas/Projects/Projet_Stage/paie-marin/vendor/laravel/framework/src/Illuminate/Foundation/Console/Kernel.php(198): Symfony\\Component\\Console\\Application->run()
#19 /home/elyas/Projects/Projet_Stage/paie-marin/vendor/laravel/framework/src/Illuminate/Foundation/Application.php(1242): Illuminate\\Foundation\\Console\\Kernel->handle()
#20 /home/elyas/Projects/Projet_Stage/paie-marin/artisan(16): Illuminate\\Foundation\\Application->handleCommand()
#21 {main}
"} 
[2026-09-01 06:29:27] local.ERROR: Target class [Database\Seeders\ElemPaieSeeder] does not exist. {"exception":"[object] (Illuminate\\Contracts\\Container\\BindingResolutionException(code: 0): Target class [Database\\Seeders\\ElemPaieSeeder] does not exist. at /home/elyas/Projects/Projet_Stage/paie-marin/vendor/laravel/framework/src/Illuminate/Container/Container.php:1149)
[stacktrace]
#0 /home/elyas/Projects/Projet_Stage/paie-marin/vendor/laravel/framework/src/Illuminate/Container/Container.php(939): Illuminate\\Container\\Container->build()
#1 /home/elyas/Projects/Projet_Stage/paie-marin/vendor/laravel/framework/src/Illuminate/Foundation/Application.php(1085): Illuminate\\Container\\Container->resolve()
#2 /home/elyas/Projects/Projet_Stage/paie-marin/vendor/laravel/framework/src/Illuminate/Container/Container.php(867): Illuminate\\Foundation\\Application->resolve()
#3 /home/elyas/Projects/Projet_Stage/paie-marin/vendor/laravel/framework/src/Illuminate/Foundation/Application.php(1065): Illuminate\\Container\\Container->make()
#4 /home/elyas/Projects/Projet_Stage/paie-marin/vendor/laravel/framework/src/Illuminate/Database/Console/Seeds/SeedCommand.php(126): Illuminate\\Foundation\\Application->make()
#5 /home/elyas/Projects/Projet_Stage/paie-marin/vendor/laravel/framework/src/Illuminate/Database/Console/Seeds/SeedCommand.php(71): Illuminate\\Database\\Console\\Seeds\\SeedCommand->getSeeder()
#6 /home/elyas/Projects/Projet_Stage/paie-marin/vendor/laravel/framework/src/Illuminate/Container/BoundMethod.php(36): Illuminate\\Database\\Console\\Seeds\\SeedCommand->handle()
#7 /home/elyas/Projects/Projet_Stage/paie-marin/vendor/laravel/framework/src/Illuminate/Container/Util.php(43): Illuminate\\Container\\BoundMethod::{closure:Illuminate\\Container\\BoundMethod::call():35}()
#8 /home/elyas/Projects/Projet_Stage/paie-marin/vendor/laravel/framework/src/Illuminate/Container/BoundMethod.php(96): Illuminate\\Container\\Util::unwrapIfClosure()
#9 /home/elyas/Projects/Projet_Stage/paie-marin/vendor/laravel/framework/src/Illuminate/Container/BoundMethod.php(35): Illuminate\\Container\\BoundMethod::callBoundMethod()
#10 /home/elyas/Projects/Projet_Stage/paie-marin/vendor/laravel/framework/src/Illuminate/Container/Container.php(803): Illuminate\\Container\\BoundMethod::call()
#11 /home/elyas/Projects/Projet_Stage/paie-marin/vendor/laravel/framework/src/Illuminate/Console/Command.php(292): Illuminate\\Container\\Container->call()
#12 /home/elyas/Projects/Projet_Stage/paie-marin/vendor/symfony/console/Command/Command.php(285): Illuminate\\Console\\Command->execute()
#13 /home/elyas/Projects/Projet_Stage/paie-marin/vendor/laravel/framework/src/Illuminate/Console/Command.php(261): Symfony\\Component\\Console\\Command\\Command->run()
#14 /home/elyas/Projects/Projet_Stage/paie-marin/vendor/symfony/console/Application.php(1144): Illuminate\\Console\\Command->run()
#15 /home/elyas/Projects/Projet_Stage/paie-marin/vendor/symfony/console/Application.php(379): Symfony\\Component\\Console\\Application->doRunCommand()
#16 /home/elyas/Projects/Projet_Stage/paie-marin/vendor/symfony/console/Application.php(218): Symfony\\Component\\Console\\Application->doRun()
#17 /home/elyas/Projects/Projet_Stage/paie-marin/vendor/laravel/framework/src/Illuminate/Foundation/Console/Kernel.php(198): Symfony\\Component\\Console\\Application->run()
#18 /home/elyas/Projects/Projet_Stage/paie-marin/vendor/laravel/framework/src/Illuminate/Foundation/Application.php(1242): Illuminate\\Foundation\\Console\\Kernel->handle()
#19 /home/elyas/Projects/Projet_Stage/paie-marin/artisan(16): Illuminate\\Foundation\\Application->handleCommand()
#20 {main}

[previous exception] [object] (ReflectionException(code: -1): Class \"Database\\Seeders\\ElemPaieSeeder\" does not exist at /home/elyas/Projects/Projet_Stage/paie-marin/vendor/laravel/framework/src/Illuminate/Container/Container.php:1147)
[stacktrace]
#0 /home/elyas/Projects/Projet_Stage/paie-marin/vendor/laravel/framework/src/Illuminate/Container/Container.php(1147): ReflectionClass->__construct()
#1 /home/elyas/Projects/Projet_Stage/paie-marin/vendor/laravel/framework/src/Illuminate/Container/Container.php(939): Illuminate\\Container\\Container->build()
#2 /home/elyas/Projects/Projet_Stage/paie-marin/vendor/laravel/framework/src/Illuminate/Foundation/Application.php(1085): Illuminate\\Container\\Container->resolve()
#3 /home/elyas/Projects/Projet_Stage/paie-marin/vendor/laravel/framework/src/Illuminate/Container/Container.php(867): Illuminate\\Foundation\\Application->resolve()
#4 /home/elyas/Projects/Projet_Stage/paie-marin/vendor/laravel/framework/src/Illuminate/Foundation/Application.php(1065): Illuminate\\Container\\Container->make()
#5 /home/elyas/Projects/Projet_Stage/paie-marin/vendor/laravel/framework/src/Illuminate/Database/Console/Seeds/SeedCommand.php(126): Illuminate\\Foundation\\Application->make()
#6 /home/elyas/Projects/Projet_Stage/paie-marin/vendor/laravel/framework/src/Illuminate/Database/Console/Seeds/SeedCommand.php(71): Illuminate\\Database\\Console\\Seeds\\SeedCommand->getSeeder()
#7 /home/elyas/Projects/Projet_Stage/paie-marin/vendor/laravel/framework/src/Illuminate/Container/BoundMethod.php(36): Illuminate\\Database\\Console\\Seeds\\SeedCommand->handle()
#8 /home/elyas/Projects/Projet_Stage/paie-marin/vendor/laravel/framework/src/Illuminate/Container/Util.php(43): Illuminate\\Container\\BoundMethod::{closure:Illuminate\\Container\\BoundMethod::call():35}()
#9 /home/elyas/Projects/Projet_Stage/paie-marin/vendor/laravel/framework/src/Illuminate/Container/BoundMethod.php(96): Illuminate\\Container\\Util::unwrapIfClosure()
#10 /home/elyas/Projects/Projet_Stage/paie-marin/vendor/laravel/framework/src/Illuminate/Container/BoundMethod.php(35): Illuminate\\Container\\BoundMethod::callBoundMethod()
#11 /home/elyas/Projects/Projet_Stage/paie-marin/vendor/laravel/framework/src/Illuminate/Container/Container.php(803): Illuminate\\Container\\BoundMethod::call()
#12 /home/elyas/Projects/Projet_Stage/paie-marin/vendor/laravel/framework/src/Illuminate/Console/Command.php(292): Illuminate\\Container\\Container->call()
#13 /home/elyas/Projects/Projet_Stage/paie-marin/vendor/symfony/console/Command/Command.php(285): Illuminate\\Console\\Command->execute()
#14 /home/elyas/Projects/Projet_Stage/paie-marin/vendor/laravel/framework/src/Illuminate/Console/Command.php(261): Symfony\\Component\\Console\\Command\\Command->run()
#15 /home/elyas/Projects/Projet_Stage/paie-marin/vendor/symfony/console/Application.php(1144): Illuminate\\Console\\Command->run()
#16 /home/elyas/Projects/Projet_Stage/paie-marin/vendor/symfony/console/Application.php(379): Symfony\\Component\\Console\\Application->doRunCommand()
#17 /home/elyas/Projects/Projet_Stage/paie-marin/vendor/symfony/console/Application.php(218): Symfony\\Component\\Console\\Application->doRun()
#18 /home/elyas/Projects/Projet_Stage/paie-marin/vendor/laravel/framework/src/Illuminate/Foundation/Console/Kernel.php(198): Symfony\\Component\\Console\\Application->run()
#19 /home/elyas/Projects/Projet_Stage/paie-marin/vendor/laravel/framework/src/Illuminate/Foundation/Application.php(1242): Illuminate\\Foundation\\Console\\Kernel->handle()
#20 /home/elyas/Projects/Projet_Stage/paie-marin/artisan(16): Illuminate\\Foundation\\Application->handleCommand()
#21 {main}
"} 
[2026-09-01 06:30:45] local.ERROR: Class "App\Models\ElemPaie" not found {"exception":"[object] (Error(code: 0): Class \"App\\Models\\ElemPaie\" not found at /home/elyas/Projects/Projet_Stage/paie-marin/database/seeders/ElemPaieSeeder.php:30)
[stacktrace]
#0 /home/elyas/Projects/Projet_Stage/paie-marin/vendor/laravel/framework/src/Illuminate/Container/BoundMethod.php(36): Database\\Seeders\\ElemPaieSeeder->run()
#1 /home/elyas/Projects/Projet_Stage/paie-marin/vendor/laravel/framework/src/Illuminate/Container/Util.php(43): Illuminate\\Container\\BoundMethod::{closure:Illuminate\\Container\\BoundMethod::call():35}()
#2 /home/elyas/Projects/Projet_Stage/paie-marin/vendor/laravel/framework/src/Illuminate/Container/BoundMethod.php(96): Illuminate\\Container\\Util::unwrapIfClosure()
#3 /home/elyas/Projects/Projet_Stage/paie-marin/vendor/laravel/framework/src/Illuminate/Container/BoundMethod.php(35): Illuminate\\Container\\BoundMethod::callBoundMethod()
#4 /home/elyas/Projects/Projet_Stage/paie-marin/vendor/laravel/framework/src/Illuminate/Container/Container.php(803): Illuminate\\Container\\BoundMethod::call()
#5 /home/elyas/Projects/Projet_Stage/paie-marin/vendor/laravel/framework/src/Illuminate/Database/Seeder.php(184): Illuminate\\Container\\Container->call()
#6 /home/elyas/Projects/Projet_Stage/paie-marin/vendor/laravel/framework/src/Illuminate/Database/Seeder.php(191): Illuminate\\Database\\Seeder->{closure:Illuminate\\Database\\Seeder::__invoke():183}()
#7 /home/elyas/Projects/Projet_Stage/paie-marin/vendor/laravel/framework/src/Illuminate/Database/Console/Seeds/SeedCommand.php(88): Illuminate\\Database\\Seeder->__invoke()
#8 /home/elyas/Projects/Projet_Stage/paie-marin/vendor/laravel/framework/src/Illuminate/Database/Eloquent/Concerns/GuardsAttributes.php(188): Illuminate\\Database\\Console\\Seeds\\SeedCommand->{closure:Illuminate\\Database\\Console\\Seeds\\SeedCommand::handle():87}()
#9 /home/elyas/Projects/Projet_Stage/paie-marin/vendor/laravel/framework/src/Illuminate/Database/Console/Seeds/SeedCommand.php(87): Illuminate\\Database\\Eloquent\\Model::unguarded()
#10 /home/elyas/Projects/Projet_Stage/paie-marin/vendor/laravel/framework/src/Illuminate/Container/BoundMethod.php(36): Illuminate\\Database\\Console\\Seeds\\SeedCommand->handle()
#11 /home/elyas/Projects/Projet_Stage/paie-marin/vendor/laravel/framework/src/Illuminate/Container/Util.php(43): Illuminate\\Container\\BoundMethod::{closure:Illuminate\\Container\\BoundMethod::call():35}()
#12 /home/elyas/Projects/Projet_Stage/paie-marin/vendor/laravel/framework/src/Illuminate/Container/BoundMethod.php(96): Illuminate\\Container\\Util::unwrapIfClosure()
#13 /home/elyas/Projects/Projet_Stage/paie-marin/vendor/laravel/framework/src/Illuminate/Container/BoundMethod.php(35): Illuminate\\Container\\BoundMethod::callBoundMethod()
#14 /home/elyas/Projects/Projet_Stage/paie-marin/vendor/laravel/framework/src/Illuminate/Container/Container.php(803): Illuminate\\Container\\BoundMethod::call()
#15 /home/elyas/Projects/Projet_Stage/paie-marin/vendor/laravel/framework/src/Illuminate/Console/Command.php(292): Illuminate\\Container\\Container->call()
#16 /home/elyas/Projects/Projet_Stage/paie-marin/vendor/symfony/console/Command/Command.php(285): Illuminate\\Console\\Command->execute()
#17 /home/elyas/Projects/Projet_Stage/paie-marin/vendor/laravel/framework/src/Illuminate/Console/Command.php(261): Symfony\\Component\\Console\\Command\\Command->run()
#18 /home/elyas/Projects/Projet_Stage/paie-marin/vendor/symfony/console/Application.php(1144): Illuminate\\Console\\Command->run()
#19 /home/elyas/Projects/Projet_Stage/paie-marin/vendor/symfony/console/Application.php(379): Symfony\\Component\\Console\\Application->doRunCommand()
#20 /home/elyas/Projects/Projet_Stage/paie-marin/vendor/symfony/console/Application.php(218): Symfony\\Component\\Console\\Application->doRun()
#21 /home/elyas/Projects/Projet_Stage/paie-marin/vendor/laravel/framework/src/Illuminate/Foundation/Console/Kernel.php(198): Symfony\\Component\\Console\\Application->run()
#22 /home/elyas/Projects/Projet_Stage/paie-marin/vendor/laravel/framework/src/Illuminate/Foundation/Application.php(1242): Illuminate\\Foundation\\Console\\Kernel->handle()
#23 /home/elyas/Projects/Projet_Stage/paie-marin/artisan(16): Illuminate\\Foundation\\Application->handleCommand()
#24 {main}
"} 
[2026-09-01 06:33:24] local.ERROR: Target class [Database\Seeders\CotisattionSeeder] does not exist. {"exception":"[object] (Illuminate\\Contracts\\Container\\BindingResolutionException(code: 0): Target class [Database\\Seeders\\CotisattionSeeder] does not exist. at /home/elyas/Projects/Projet_Stage/paie-marin/vendor/laravel/framework/src/Illuminate/Container/Container.php:1149)
[stacktrace]
#0 /home/elyas/Projects/Projet_Stage/paie-marin/vendor/laravel/framework/src/Illuminate/Container/Container.php(939): Illuminate\\Container\\Container->build()
#1 /home/elyas/Projects/Projet_Stage/paie-marin/vendor/laravel/framework/src/Illuminate/Foundation/Application.php(1085): Illuminate\\Container\\Container->resolve()
#2 /home/elyas/Projects/Projet_Stage/paie-marin/vendor/laravel/framework/src/Illuminate/Container/Container.php(867): Illuminate\\Foundation\\Application->resolve()
#3 /home/elyas/Projects/Projet_Stage/paie-marin/vendor/laravel/framework/src/Illuminate/Foundation/Application.php(1065): Illuminate\\Container\\Container->make()
#4 /home/elyas/Projects/Projet_Stage/paie-marin/vendor/laravel/framework/src/Illuminate/Database/Console/Seeds/SeedCommand.php(126): Illuminate\\Foundation\\Application->make()
#5 /home/elyas/Projects/Projet_Stage/paie-marin/vendor/laravel/framework/src/Illuminate/Database/Console/Seeds/SeedCommand.php(71): Illuminate\\Database\\Console\\Seeds\\SeedCommand->getSeeder()
#6 /home/elyas/Projects/Projet_Stage/paie-marin/vendor/laravel/framework/src/Illuminate/Container/BoundMethod.php(36): Illuminate\\Database\\Console\\Seeds\\SeedCommand->handle()
#7 /home/elyas/Projects/Projet_Stage/paie-marin/vendor/laravel/framework/src/Illuminate/Container/Util.php(43): Illuminate\\Container\\BoundMethod::{closure:Illuminate\\Container\\BoundMethod::call():35}()
#8 /home/elyas/Projects/Projet_Stage/paie-marin/vendor/laravel/framework/src/Illuminate/Container/BoundMethod.php(96): Illuminate\\Container\\Util::unwrapIfClosure()
#9 /home/elyas/Projects/Projet_Stage/paie-marin/vendor/laravel/framework/src/Illuminate/Container/BoundMethod.php(35): Illuminate\\Container\\BoundMethod::callBoundMethod()
#10 /home/elyas/Projects/Projet_Stage/paie-marin/vendor/laravel/framework/src/Illuminate/Container/Container.php(803): Illuminate\\Container\\BoundMethod::call()
#11 /home/elyas/Projects/Projet_Stage/paie-marin/vendor/laravel/framework/src/Illuminate/Console/Command.php(292): Illuminate\\Container\\Container->call()
#12 /home/elyas/Projects/Projet_Stage/paie-marin/vendor/symfony/console/Command/Command.php(285): Illuminate\\Console\\Command->execute()
#13 /home/elyas/Projects/Projet_Stage/paie-marin/vendor/laravel/framework/src/Illuminate/Console/Command.php(261): Symfony\\Component\\Console\\Command\\Command->run()
#14 /home/elyas/Projects/Projet_Stage/paie-marin/vendor/symfony/console/Application.php(1144): Illuminate\\Console\\Command->run()
#15 /home/elyas/Projects/Projet_Stage/paie-marin/vendor/symfony/console/Application.php(379): Symfony\\Component\\Console\\Application->doRunCommand()
#16 /home/elyas/Projects/Projet_Stage/paie-marin/vendor/symfony/console/Application.php(218): Symfony\\Component\\Console\\Application->doRun()
#17 /home/elyas/Projects/Projet_Stage/paie-marin/vendor/laravel/framework/src/Illuminate/Foundation/Console/Kernel.php(198): Symfony\\Component\\Console\\Application->run()
#18 /home/elyas/Projects/Projet_Stage/paie-marin/vendor/laravel/framework/src/Illuminate/Foundation/Application.php(1242): Illuminate\\Foundation\\Console\\Kernel->handle()
#19 /home/elyas/Projects/Projet_Stage/paie-marin/artisan(16): Illuminate\\Foundation\\Application->handleCommand()
#20 {main}

[previous exception] [object] (ReflectionException(code: -1): Class \"Database\\Seeders\\CotisattionSeeder\" does not exist at /home/elyas/Projects/Projet_Stage/paie-marin/vendor/laravel/framework/src/Illuminate/Container/Container.php:1147)
[stacktrace]
#0 /home/elyas/Projects/Projet_Stage/paie-marin/vendor/laravel/framework/src/Illuminate/Container/Container.php(1147): ReflectionClass->__construct()
#1 /home/elyas/Projects/Projet_Stage/paie-marin/vendor/laravel/framework/src/Illuminate/Container/Container.php(939): Illuminate\\Container\\Container->build()
#2 /home/elyas/Projects/Projet_Stage/paie-marin/vendor/laravel/framework/src/Illuminate/Foundation/Application.php(1085): Illuminate\\Container\\Container->resolve()
#3 /home/elyas/Projects/Projet_Stage/paie-marin/vendor/laravel/framework/src/Illuminate/Container/Container.php(867): Illuminate\\Foundation\\Application->resolve()
#4 /home/elyas/Projects/Projet_Stage/paie-marin/vendor/laravel/framework/src/Illuminate/Foundation/Application.php(1065): Illuminate\\Container\\Container->make()
#5 /home/elyas/Projects/Projet_Stage/paie-marin/vendor/laravel/framework/src/Illuminate/Database/Console/Seeds/SeedCommand.php(126): Illuminate\\Foundation\\Application->make()
#6 /home/elyas/Projects/Projet_Stage/paie-marin/vendor/laravel/framework/src/Illuminate/Database/Console/Seeds/SeedCommand.php(71): Illuminate\\Database\\Console\\Seeds\\SeedCommand->getSeeder()
#7 /home/elyas/Projects/Projet_Stage/paie-marin/vendor/laravel/framework/src/Illuminate/Container/BoundMethod.php(36): Illuminate\\Database\\Console\\Seeds\\SeedCommand->handle()
#8 /home/elyas/Projects/Projet_Stage/paie-marin/vendor/laravel/framework/src/Illuminate/Container/Util.php(43): Illuminate\\Container\\BoundMethod::{closure:Illuminate\\Container\\BoundMethod::call():35}()
#9 /home/elyas/Projects/Projet_Stage/paie-marin/vendor/laravel/framework/src/Illuminate/Container/BoundMethod.php(96): Illuminate\\Container\\Util::unwrapIfClosure()
#10 /home/elyas/Projects/Projet_Stage/paie-marin/vendor/laravel/framework/src/Illuminate/Container/BoundMethod.php(35): Illuminate\\Container\\BoundMethod::callBoundMethod()
#11 /home/elyas/Projects/Projet_Stage/paie-marin/vendor/laravel/framework/src/Illuminate/Container/Container.php(803): Illuminate\\Container\\BoundMethod::call()
#12 /home/elyas/Projects/Projet_Stage/paie-marin/vendor/laravel/framework/src/Illuminate/Console/Command.php(292): Illuminate\\Container\\Container->call()
#13 /home/elyas/Projects/Projet_Stage/paie-marin/vendor/symfony/console/Command/Command.php(285): Illuminate\\Console\\Command->execute()
#14 /home/elyas/Projects/Projet_Stage/paie-marin/vendor/laravel/framework/src/Illuminate/Console/Command.php(261): Symfony\\Component\\Console\\Command\\Command->run()
#15 /home/elyas/Projects/Projet_Stage/paie-marin/vendor/symfony/console/Application.php(1144): Illuminate\\Console\\Command->run()
#16 /home/elyas/Projects/Projet_Stage/paie-marin/vendor/symfony/console/Application.php(379): Symfony\\Component\\Console\\Application->doRunCommand()
#17 /home/elyas/Projects/Projet_Stage/paie-marin/vendor/symfony/console/Application.php(218): Symfony\\Component\\Console\\Application->doRun()
#18 /home/elyas/Projects/Projet_Stage/paie-marin/vendor/laravel/framework/src/Illuminate/Foundation/Console/Kernel.php(198): Symfony\\Component\\Console\\Application->run()
#19 /home/elyas/Projects/Projet_Stage/paie-marin/vendor/laravel/framework/src/Illuminate/Foundation/Application.php(1242): Illuminate\\Foundation\\Console\\Kernel->handle()
#20 /home/elyas/Projects/Projet_Stage/paie-marin/artisan(16): Illuminate\\Foundation\\Application->handleCommand()
#21 {main}
"} 
[2026-09-01 06:37:51] local.ERROR: Target class [Database\Seeders\IgrParameterSeeder] does not exist. {"exception":"[object] (Illuminate\\Contracts\\Container\\BindingResolutionException(code: 0): Target class [Database\\Seeders\\IgrParameterSeeder] does not exist. at /home/elyas/Projects/Projet_Stage/paie-marin/vendor/laravel/framework/src/Illuminate/Container/Container.php:1149)
[stacktrace]
#0 /home/elyas/Projects/Projet_Stage/paie-marin/vendor/laravel/framework/src/Illuminate/Container/Container.php(939): Illuminate\\Container\\Container->build()
#1 /home/elyas/Projects/Projet_Stage/paie-marin/vendor/laravel/framework/src/Illuminate/Foundation/Application.php(1085): Illuminate\\Container\\Container->resolve()
#2 /home/elyas/Projects/Projet_Stage/paie-marin/vendor/laravel/framework/src/Illuminate/Container/Container.php(867): Illuminate\\Foundation\\Application->resolve()
#3 /home/elyas/Projects/Projet_Stage/paie-marin/vendor/laravel/framework/src/Illuminate/Foundation/Application.php(1065): Illuminate\\Container\\Container->make()
#4 /home/elyas/Projects/Projet_Stage/paie-marin/vendor/laravel/framework/src/Illuminate/Database/Console/Seeds/SeedCommand.php(126): Illuminate\\Foundation\\Application->make()
#5 /home/elyas/Projects/Projet_Stage/paie-marin/vendor/laravel/framework/src/Illuminate/Database/Console/Seeds/SeedCommand.php(71): Illuminate\\Database\\Console\\Seeds\\SeedCommand->getSeeder()
#6 /home/elyas/Projects/Projet_Stage/paie-marin/vendor/laravel/framework/src/Illuminate/Container/BoundMethod.php(36): Illuminate\\Database\\Console\\Seeds\\SeedCommand->handle()
#7 /home/elyas/Projects/Projet_Stage/paie-marin/vendor/laravel/framework/src/Illuminate/Container/Util.php(43): Illuminate\\Container\\BoundMethod::{closure:Illuminate\\Container\\BoundMethod::call():35}()
#8 /home/elyas/Projects/Projet_Stage/paie-marin/vendor/laravel/framework/src/Illuminate/Container/BoundMethod.php(96): Illuminate\\Container\\Util::unwrapIfClosure()
#9 /home/elyas/Projects/Projet_Stage/paie-marin/vendor/laravel/framework/src/Illuminate/Container/BoundMethod.php(35): Illuminate\\Container\\BoundMethod::callBoundMethod()
#10 /home/elyas/Projects/Projet_Stage/paie-marin/vendor/laravel/framework/src/Illuminate/Container/Container.php(803): Illuminate\\Container\\BoundMethod::call()
#11 /home/elyas/Projects/Projet_Stage/paie-marin/vendor/laravel/framework/src/Illuminate/Console/Command.php(292): Illuminate\\Container\\Container->call()
#12 /home/elyas/Projects/Projet_Stage/paie-marin/vendor/symfony/console/Command/Command.php(285): Illuminate\\Console\\Command->execute()
#13 /home/elyas/Projects/Projet_Stage/paie-marin/vendor/laravel/framework/src/Illuminate/Console/Command.php(261): Symfony\\Component\\Console\\Command\\Command->run()
#14 /home/elyas/Projects/Projet_Stage/paie-marin/vendor/symfony/console/Application.php(1144): Illuminate\\Console\\Command->run()
#15 /home/elyas/Projects/Projet_Stage/paie-marin/vendor/symfony/console/Application.php(379): Symfony\\Component\\Console\\Application->doRunCommand()
#16 /home/elyas/Projects/Projet_Stage/paie-marin/vendor/symfony/console/Application.php(218): Symfony\\Component\\Console\\Application->doRun()
#17 /home/elyas/Projects/Projet_Stage/paie-marin/vendor/laravel/framework/src/Illuminate/Foundation/Console/Kernel.php(198): Symfony\\Component\\Console\\Application->run()
#18 /home/elyas/Projects/Projet_Stage/paie-marin/vendor/laravel/framework/src/Illuminate/Foundation/Application.php(1242): Illuminate\\Foundation\\Console\\Kernel->handle()
#19 /home/elyas/Projects/Projet_Stage/paie-marin/artisan(16): Illuminate\\Foundation\\Application->handleCommand()
#20 {main}

[previous exception] [object] (ReflectionException(code: -1): Class \"Database\\Seeders\\IgrParameterSeeder\" does not exist at /home/elyas/Projects/Projet_Stage/paie-marin/vendor/laravel/framework/src/Illuminate/Container/Container.php:1147)
[stacktrace]
#0 /home/elyas/Projects/Projet_Stage/paie-marin/vendor/laravel/framework/src/Illuminate/Container/Container.php(1147): ReflectionClass->__construct()
#1 /home/elyas/Projects/Projet_Stage/paie-marin/vendor/laravel/framework/src/Illuminate/Container/Container.php(939): Illuminate\\Container\\Container->build()
#2 /home/elyas/Projects/Projet_Stage/paie-marin/vendor/laravel/framework/src/Illuminate/Foundation/Application.php(1085): Illuminate\\Container\\Container->resolve()
#3 /home/elyas/Projects/Projet_Stage/paie-marin/vendor/laravel/framework/src/Illuminate/Container/Container.php(867): Illuminate\\Foundation\\Application->resolve()
#4 /home/elyas/Projects/Projet_Stage/paie-marin/vendor/laravel/framework/src/Illuminate/Foundation/Application.php(1065): Illuminate\\Container\\Container->make()
#5 /home/elyas/Projects/Projet_Stage/paie-marin/vendor/laravel/framework/src/Illuminate/Database/Console/Seeds/SeedCommand.php(126): Illuminate\\Foundation\\Application->make()
#6 /home/elyas/Projects/Projet_Stage/paie-marin/vendor/laravel/framework/src/Illuminate/Database/Console/Seeds/SeedCommand.php(71): Illuminate\\Database\\Console\\Seeds\\SeedCommand->getSeeder()
#7 /home/elyas/Projects/Projet_Stage/paie-marin/vendor/laravel/framework/src/Illuminate/Container/BoundMethod.php(36): Illuminate\\Database\\Console\\Seeds\\SeedCommand->handle()
#8 /home/elyas/Projects/Projet_Stage/paie-marin/vendor/laravel/framework/src/Illuminate/Container/Util.php(43): Illuminate\\Container\\BoundMethod::{closure:Illuminate\\Container\\BoundMethod::call():35}()
#9 /home/elyas/Projects/Projet_Stage/paie-marin/vendor/laravel/framework/src/Illuminate/Container/BoundMethod.php(96): Illuminate\\Container\\Util::unwrapIfClosure()
#10 /home/elyas/Projects/Projet_Stage/paie-marin/vendor/laravel/framework/src/Illuminate/Container/BoundMethod.php(35): Illuminate\\Container\\BoundMethod::callBoundMethod()
#11 /home/elyas/Projects/Projet_Stage/paie-marin/vendor/laravel/framework/src/Illuminate/Container/Container.php(803): Illuminate\\Container\\BoundMethod::call()
#12 /home/elyas/Projects/Projet_Stage/paie-marin/vendor/laravel/framework/src/Illuminate/Console/Command.php(292): Illuminate\\Container\\Container->call()
#13 /home/elyas/Projects/Projet_Stage/paie-marin/vendor/symfony/console/Command/Command.php(285): Illuminate\\Console\\Command->execute()
#14 /home/elyas/Projects/Projet_Stage/paie-marin/vendor/laravel/framework/src/Illuminate/Console/Command.php(261): Symfony\\Component\\Console\\Command\\Command->run()
#15 /home/elyas/Projects/Projet_Stage/paie-marin/vendor/symfony/console/Application.php(1144): Illuminate\\Console\\Command->run()
#16 /home/elyas/Projects/Projet_Stage/paie-marin/vendor/symfony/console/Application.php(379): Symfony\\Component\\Console\\Application->doRunCommand()
#17 /home/elyas/Projects/Projet_Stage/paie-marin/vendor/symfony/console/Application.php(218): Symfony\\Component\\Console\\Application->doRun()
#18 /home/elyas/Projects/Projet_Stage/paie-marin/vendor/laravel/framework/src/Illuminate/Foundation/Console/Kernel.php(198): Symfony\\Component\\Console\\Application->run()
#19 /home/elyas/Projects/Projet_Stage/paie-marin/vendor/laravel/framework/src/Illuminate/Foundation/Application.php(1242): Illuminate\\Foundation\\Console\\Kernel->handle()
#20 /home/elyas/Projects/Projet_Stage/paie-marin/artisan(16): Illuminate\\Foundation\\Application->handleCommand()
#21 {main}
"} 
[2026-09-01 06:42:52] local.ERROR: syntax error, unexpected token "," {"exception":"[object] (ParseError(code: 0): syntax error, unexpected token \",\" at /home/elyas/Projects/Projet_Stage/paie-marin/database/seeders/DatabaseSeeder.php:24)
[stacktrace]
#0 /home/elyas/Projects/Projet_Stage/paie-marin/vendor/composer/ClassLoader.php(427): {closure:Composer\\Autoload\\ClassLoader::initializeIncludeClosure():575}()
#1 [internal function]: Composer\\Autoload\\ClassLoader->loadClass()
#2 /home/elyas/Projects/Projet_Stage/paie-marin/vendor/laravel/framework/src/Illuminate/Database/Console/Seeds/SeedCommand.php(122): class_exists()
#3 /home/elyas/Projects/Projet_Stage/paie-marin/vendor/laravel/framework/src/Illuminate/Database/Console/Seeds/SeedCommand.php(71): Illuminate\\Database\\Console\\Seeds\\SeedCommand->getSeeder()
#4 /home/elyas/Projects/Projet_Stage/paie-marin/vendor/laravel/framework/src/Illuminate/Container/BoundMethod.php(36): Illuminate\\Database\\Console\\Seeds\\SeedCommand->handle()
#5 /home/elyas/Projects/Projet_Stage/paie-marin/vendor/laravel/framework/src/Illuminate/Container/Util.php(43): Illuminate\\Container\\BoundMethod::{closure:Illuminate\\Container\\BoundMethod::call():35}()
#6 /home/elyas/Projects/Projet_Stage/paie-marin/vendor/laravel/framework/src/Illuminate/Container/BoundMethod.php(96): Illuminate\\Container\\Util::unwrapIfClosure()
#7 /home/elyas/Projects/Projet_Stage/paie-marin/vendor/laravel/framework/src/Illuminate/Container/BoundMethod.php(35): Illuminate\\Container\\BoundMethod::callBoundMethod()
#8 /home/elyas/Projects/Projet_Stage/paie-marin/vendor/laravel/framework/src/Illuminate/Container/Container.php(803): Illuminate\\Container\\BoundMethod::call()
#9 /home/elyas/Projects/Projet_Stage/paie-marin/vendor/laravel/framework/src/Illuminate/Console/Command.php(292): Illuminate\\Container\\Container->call()
#10 /home/elyas/Projects/Projet_Stage/paie-marin/vendor/symfony/console/Command/Command.php(285): Illuminate\\Console\\Command->execute()
#11 /home/elyas/Projects/Projet_Stage/paie-marin/vendor/laravel/framework/src/Illuminate/Console/Command.php(261): Symfony\\Component\\Console\\Command\\Command->run()
#12 /home/elyas/Projects/Projet_Stage/paie-marin/vendor/symfony/console/Application.php(1144): Illuminate\\Console\\Command->run()
#13 /home/elyas/Projects/Projet_Stage/paie-marin/vendor/symfony/console/Application.php(379): Symfony\\Component\\Console\\Application->doRunCommand()
#14 /home/elyas/Projects/Projet_Stage/paie-marin/vendor/symfony/console/Application.php(218): Symfony\\Component\\Console\\Application->doRun()
#15 /home/elyas/Projects/Projet_Stage/paie-marin/vendor/laravel/framework/src/Illuminate/Foundation/Console/Kernel.php(198): Symfony\\Component\\Console\\Application->run()
#16 /home/elyas/Projects/Projet_Stage/paie-marin/vendor/laravel/framework/src/Illuminate/Foundation/Application.php(1242): Illuminate\\Foundation\\Console\\Kernel->handle()
#17 /home/elyas/Projects/Projet_Stage/paie-marin/artisan(16): Illuminate\\Foundation\\Application->handleCommand()
#18 {main}
"} 
[2026-09-01 06:43:26] local.ERROR: syntax error, unexpected token "," {"exception":"[object] (ParseError(code: 0): syntax error, unexpected token \",\" at /home/elyas/Projects/Projet_Stage/paie-marin/database/seeders/DatabaseSeeder.php:24)
[stacktrace]
#0 /home/elyas/Projects/Projet_Stage/paie-marin/vendor/composer/ClassLoader.php(427): {closure:Composer\\Autoload\\ClassLoader::initializeIncludeClosure():575}()
#1 [internal function]: Composer\\Autoload\\ClassLoader->loadClass()
#2 /home/elyas/Projects/Projet_Stage/paie-marin/vendor/laravel/framework/src/Illuminate/Database/Console/Seeds/SeedCommand.php(122): class_exists()
#3 /home/elyas/Projects/Projet_Stage/paie-marin/vendor/laravel/framework/src/Illuminate/Database/Console/Seeds/SeedCommand.php(71): Illuminate\\Database\\Console\\Seeds\\SeedCommand->getSeeder()
#4 /home/elyas/Projects/Projet_Stage/paie-marin/vendor/laravel/framework/src/Illuminate/Container/BoundMethod.php(36): Illuminate\\Database\\Console\\Seeds\\SeedCommand->handle()
#5 /home/elyas/Projects/Projet_Stage/paie-marin/vendor/laravel/framework/src/Illuminate/Container/Util.php(43): Illuminate\\Container\\BoundMethod::{closure:Illuminate\\Container\\BoundMethod::call():35}()
#6 /home/elyas/Projects/Projet_Stage/paie-marin/vendor/laravel/framework/src/Illuminate/Container/BoundMethod.php(96): Illuminate\\Container\\Util::unwrapIfClosure()
#7 /home/elyas/Projects/Projet_Stage/paie-marin/vendor/laravel/framework/src/Illuminate/Container/BoundMethod.php(35): Illuminate\\Container\\BoundMethod::callBoundMethod()
#8 /home/elyas/Projects/Projet_Stage/paie-marin/vendor/laravel/framework/src/Illuminate/Container/Container.php(803): Illuminate\\Container\\BoundMethod::call()
#9 /home/elyas/Projects/Projet_Stage/paie-marin/vendor/laravel/framework/src/Illuminate/Console/Command.php(292): Illuminate\\Container\\Container->call()
#10 /home/elyas/Projects/Projet_Stage/paie-marin/vendor/symfony/console/Command/Command.php(285): Illuminate\\Console\\Command->execute()
#11 /home/elyas/Projects/Projet_Stage/paie-marin/vendor/laravel/framework/src/Illuminate/Console/Command.php(261): Symfony\\Component\\Console\\Command\\Command->run()
#12 /home/elyas/Projects/Projet_Stage/paie-marin/vendor/symfony/console/Application.php(1144): Illuminate\\Console\\Command->run()
#13 /home/elyas/Projects/Projet_Stage/paie-marin/vendor/symfony/console/Application.php(379): Symfony\\Component\\Console\\Application->doRunCommand()
#14 /home/elyas/Projects/Projet_Stage/paie-marin/vendor/symfony/console/Application.php(218): Symfony\\Component\\Console\\Application->doRun()
#15 /home/elyas/Projects/Projet_Stage/paie-marin/vendor/laravel/framework/src/Illuminate/Foundation/Console/Kernel.php(198): Symfony\\Component\\Console\\Application->run()
#16 /home/elyas/Projects/Projet_Stage/paie-marin/vendor/laravel/framework/src/Illuminate/Foundation/Application.php(1242): Illuminate\\Foundation\\Console\\Kernel->handle()
#17 /home/elyas/Projects/Projet_Stage/paie-marin/artisan(16): Illuminate\\Foundation\\Application->handleCommand()
#18 {main}
"} 
[2026-09-01 06:45:34] local.ERROR: syntax error, unexpected token "<", expecting "function" {"exception":"[object] (ParseError(code: 0): syntax error, unexpected token \"<\", expecting \"function\" at /home/elyas/Projects/Projet_Stage/paie-marin/database/seeders/IgrParametreSeeder.php:14)
[stacktrace]
#0 /home/elyas/Projects/Projet_Stage/paie-marin/vendor/composer/ClassLoader.php(427): {closure:Composer\\Autoload\\ClassLoader::initializeIncludeClosure():575}()
#1 [internal function]: Composer\\Autoload\\ClassLoader->loadClass()
#2 /home/elyas/Projects/Projet_Stage/paie-marin/vendor/laravel/framework/src/Illuminate/Container/Container.php(1005): ReflectionClass->__construct()
#3 /home/elyas/Projects/Projet_Stage/paie-marin/vendor/laravel/framework/src/Illuminate/Container/Container.php(991): Illuminate\\Container\\Container->getConcreteBindingFromAttributes()
#4 /home/elyas/Projects/Projet_Stage/paie-marin/vendor/laravel/framework/src/Illuminate/Container/Container.php(932): Illuminate\\Container\\Container->getConcrete()
#5 /home/elyas/Projects/Projet_Stage/paie-marin/vendor/laravel/framework/src/Illuminate/Foundation/Application.php(1085): Illuminate\\Container\\Container->resolve()
#6 /home/elyas/Projects/Projet_Stage/paie-marin/vendor/laravel/framework/src/Illuminate/Container/Container.php(867): Illuminate\\Foundation\\Application->resolve()
#7 /home/elyas/Projects/Projet_Stage/paie-marin/vendor/laravel/framework/src/Illuminate/Foundation/Application.php(1065): Illuminate\\Container\\Container->make()
#8 /home/elyas/Projects/Projet_Stage/paie-marin/vendor/laravel/framework/src/Illuminate/Database/Seeder.php(129): Illuminate\\Foundation\\Application->make()
#9 /home/elyas/Projects/Projet_Stage/paie-marin/vendor/laravel/framework/src/Illuminate/Database/Seeder.php(48): Illuminate\\Database\\Seeder->resolve()
#10 /home/elyas/Projects/Projet_Stage/paie-marin/database/seeders/DatabaseSeeder.php(24): Illuminate\\Database\\Seeder->call()
#11 /home/elyas/Projects/Projet_Stage/paie-marin/vendor/laravel/framework/src/Illuminate/Container/BoundMethod.php(36): Database\\Seeders\\DatabaseSeeder->run()
#12 /home/elyas/Projects/Projet_Stage/paie-marin/vendor/laravel/framework/src/Illuminate/Container/Util.php(43): Illuminate\\Container\\BoundMethod::{closure:Illuminate\\Container\\BoundMethod::call():35}()
#13 /home/elyas/Projects/Projet_Stage/paie-marin/vendor/laravel/framework/src/Illuminate/Container/BoundMethod.php(96): Illuminate\\Container\\Util::unwrapIfClosure()
#14 /home/elyas/Projects/Projet_Stage/paie-marin/vendor/laravel/framework/src/Illuminate/Container/BoundMethod.php(35): Illuminate\\Container\\BoundMethod::callBoundMethod()
#15 /home/elyas/Projects/Projet_Stage/paie-marin/vendor/laravel/framework/src/Illuminate/Container/Container.php(803): Illuminate\\Container\\BoundMethod::call()
#16 /home/elyas/Projects/Projet_Stage/paie-marin/vendor/laravel/framework/src/Illuminate/Database/Seeder.php(184): Illuminate\\Container\\Container->call()
#17 /home/elyas/Projects/Projet_Stage/paie-marin/vendor/laravel/framework/src/Illuminate/Database/Eloquent/Concerns/HasEvents.php(456): Illuminate\\Database\\Seeder->{closure:Illuminate\\Database\\Seeder::__invoke():183}()
#18 /home/elyas/Projects/Projet_Stage/paie-marin/vendor/laravel/framework/src/Illuminate/Database/Console/Seeds/WithoutModelEvents.php(17): Illuminate\\Database\\Eloquent\\Model::withoutEvents()
#19 /home/elyas/Projects/Projet_Stage/paie-marin/vendor/laravel/framework/src/Illuminate/Database/Seeder.php(191): Database\\Seeders\\DatabaseSeeder->{closure:Illuminate\\Database\\Console\\Seeds\\WithoutModelEvents::withoutModelEvents():17}()
#20 /home/elyas/Projects/Projet_Stage/paie-marin/vendor/laravel/framework/src/Illuminate/Database/Console/Seeds/SeedCommand.php(88): Illuminate\\Database\\Seeder->__invoke()
#21 /home/elyas/Projects/Projet_Stage/paie-marin/vendor/laravel/framework/src/Illuminate/Database/Eloquent/Concerns/GuardsAttributes.php(188): Illuminate\\Database\\Console\\Seeds\\SeedCommand->{closure:Illuminate\\Database\\Console\\Seeds\\SeedCommand::handle():87}()
#22 /home/elyas/Projects/Projet_Stage/paie-marin/vendor/laravel/framework/src/Illuminate/Database/Console/Seeds/SeedCommand.php(87): Illuminate\\Database\\Eloquent\\Model::unguarded()
#23 /home/elyas/Projects/Projet_Stage/paie-marin/vendor/laravel/framework/src/Illuminate/Container/BoundMethod.php(36): Illuminate\\Database\\Console\\Seeds\\SeedCommand->handle()
#24 /home/elyas/Projects/Projet_Stage/paie-marin/vendor/laravel/framework/src/Illuminate/Container/Util.php(43): Illuminate\\Container\\BoundMethod::{closure:Illuminate\\Container\\BoundMethod::call():35}()
#25 /home/elyas/Projects/Projet_Stage/paie-marin/vendor/laravel/framework/src/Illuminate/Container/BoundMethod.php(96): Illuminate\\Container\\Util::unwrapIfClosure()
#26 /home/elyas/Projects/Projet_Stage/paie-marin/vendor/laravel/framework/src/Illuminate/Container/BoundMethod.php(35): Illuminate\\Container\\BoundMethod::callBoundMethod()
#27 /home/elyas/Projects/Projet_Stage/paie-marin/vendor/laravel/framework/src/Illuminate/Container/Container.php(803): Illuminate\\Container\\BoundMethod::call()
#28 /home/elyas/Projects/Projet_Stage/paie-marin/vendor/laravel/framework/src/Illuminate/Console/Command.php(292): Illuminate\\Container\\Container->call()
#29 /home/elyas/Projects/Projet_Stage/paie-marin/vendor/symfony/console/Command/Command.php(285): Illuminate\\Console\\Command->execute()
#30 /home/elyas/Projects/Projet_Stage/paie-marin/vendor/laravel/framework/src/Illuminate/Console/Command.php(261): Symfony\\Component\\Console\\Command\\Command->run()
#31 /home/elyas/Projects/Projet_Stage/paie-marin/vendor/symfony/console/Application.php(1144): Illuminate\\Console\\Command->run()
#32 /home/elyas/Projects/Projet_Stage/paie-marin/vendor/symfony/console/Application.php(379): Symfony\\Component\\Console\\Application->doRunCommand()
#33 /home/elyas/Projects/Projet_Stage/paie-marin/vendor/symfony/console/Application.php(218): Symfony\\Component\\Console\\Application->doRun()
#34 /home/elyas/Projects/Projet_Stage/paie-marin/vendor/laravel/framework/src/Illuminate/Foundation/Console/Kernel.php(198): Symfony\\Component\\Console\\Application->run()
#35 /home/elyas/Projects/Projet_Stage/paie-marin/vendor/laravel/framework/src/Illuminate/Foundation/Application.php(1242): Illuminate\\Foundation\\Console\\Kernel->handle()
#36 /home/elyas/Projects/Projet_Stage/paie-marin/artisan(16): Illuminate\\Foundation\\Application->handleCommand()
#37 {main}
"} 
[2026-09-01 06:46:44] local.ERROR: Target class [Database\Seeders\IgrParametre] does not exist. {"exception":"[object] (Illuminate\\Contracts\\Container\\BindingResolutionException(code: 0): Target class [Database\\Seeders\\IgrParametre] does not exist. at /home/elyas/Projects/Projet_Stage/paie-marin/vendor/laravel/framework/src/Illuminate/Container/Container.php:1149)
[stacktrace]
#0 /home/elyas/Projects/Projet_Stage/paie-marin/vendor/laravel/framework/src/Illuminate/Container/Container.php(939): Illuminate\\Container\\Container->build()
#1 /home/elyas/Projects/Projet_Stage/paie-marin/vendor/laravel/framework/src/Illuminate/Foundation/Application.php(1085): Illuminate\\Container\\Container->resolve()
#2 /home/elyas/Projects/Projet_Stage/paie-marin/vendor/laravel/framework/src/Illuminate/Container/Container.php(867): Illuminate\\Foundation\\Application->resolve()
#3 /home/elyas/Projects/Projet_Stage/paie-marin/vendor/laravel/framework/src/Illuminate/Foundation/Application.php(1065): Illuminate\\Container\\Container->make()
#4 /home/elyas/Projects/Projet_Stage/paie-marin/vendor/laravel/framework/src/Illuminate/Database/Console/Seeds/SeedCommand.php(126): Illuminate\\Foundation\\Application->make()
#5 /home/elyas/Projects/Projet_Stage/paie-marin/vendor/laravel/framework/src/Illuminate/Database/Console/Seeds/SeedCommand.php(71): Illuminate\\Database\\Console\\Seeds\\SeedCommand->getSeeder()
#6 /home/elyas/Projects/Projet_Stage/paie-marin/vendor/laravel/framework/src/Illuminate/Container/BoundMethod.php(36): Illuminate\\Database\\Console\\Seeds\\SeedCommand->handle()
#7 /home/elyas/Projects/Projet_Stage/paie-marin/vendor/laravel/framework/src/Illuminate/Container/Util.php(43): Illuminate\\Container\\BoundMethod::{closure:Illuminate\\Container\\BoundMethod::call():35}()
#8 /home/elyas/Projects/Projet_Stage/paie-marin/vendor/laravel/framework/src/Illuminate/Container/BoundMethod.php(96): Illuminate\\Container\\Util::unwrapIfClosure()
#9 /home/elyas/Projects/Projet_Stage/paie-marin/vendor/laravel/framework/src/Illuminate/Container/BoundMethod.php(35): Illuminate\\Container\\BoundMethod::callBoundMethod()
#10 /home/elyas/Projects/Projet_Stage/paie-marin/vendor/laravel/framework/src/Illuminate/Container/Container.php(803): Illuminate\\Container\\BoundMethod::call()
#11 /home/elyas/Projects/Projet_Stage/paie-marin/vendor/laravel/framework/src/Illuminate/Console/Command.php(292): Illuminate\\Container\\Container->call()
#12 /home/elyas/Projects/Projet_Stage/paie-marin/vendor/symfony/console/Command/Command.php(285): Illuminate\\Console\\Command->execute()
#13 /home/elyas/Projects/Projet_Stage/paie-marin/vendor/laravel/framework/src/Illuminate/Console/Command.php(261): Symfony\\Component\\Console\\Command\\Command->run()
#14 /home/elyas/Projects/Projet_Stage/paie-marin/vendor/symfony/console/Application.php(1144): Illuminate\\Console\\Command->run()
#15 /home/elyas/Projects/Projet_Stage/paie-marin/vendor/symfony/console/Application.php(379): Symfony\\Component\\Console\\Application->doRunCommand()
#16 /home/elyas/Projects/Projet_Stage/paie-marin/vendor/symfony/console/Application.php(218): Symfony\\Component\\Console\\Application->doRun()
#17 /home/elyas/Projects/Projet_Stage/paie-marin/vendor/laravel/framework/src/Illuminate/Foundation/Console/Kernel.php(198): Symfony\\Component\\Console\\Application->run()
#18 /home/elyas/Projects/Projet_Stage/paie-marin/vendor/laravel/framework/src/Illuminate/Foundation/Application.php(1242): Illuminate\\Foundation\\Console\\Kernel->handle()
#19 /home/elyas/Projects/Projet_Stage/paie-marin/artisan(16): Illuminate\\Foundation\\Application->handleCommand()
#20 {main}

[previous exception] [object] (ReflectionException(code: -1): Class \"Database\\Seeders\\IgrParametre\" does not exist at /home/elyas/Projects/Projet_Stage/paie-marin/vendor/laravel/framework/src/Illuminate/Container/Container.php:1147)
[stacktrace]
#0 /home/elyas/Projects/Projet_Stage/paie-marin/vendor/laravel/framework/src/Illuminate/Container/Container.php(1147): ReflectionClass->__construct()
#1 /home/elyas/Projects/Projet_Stage/paie-marin/vendor/laravel/framework/src/Illuminate/Container/Container.php(939): Illuminate\\Container\\Container->build()
#2 /home/elyas/Projects/Projet_Stage/paie-marin/vendor/laravel/framework/src/Illuminate/Foundation/Application.php(1085): Illuminate\\Container\\Container->resolve()
#3 /home/elyas/Projects/Projet_Stage/paie-marin/vendor/laravel/framework/src/Illuminate/Container/Container.php(867): Illuminate\\Foundation\\Application->resolve()
#4 /home/elyas/Projects/Projet_Stage/paie-marin/vendor/laravel/framework/src/Illuminate/Foundation/Application.php(1065): Illuminate\\Container\\Container->make()
#5 /home/elyas/Projects/Projet_Stage/paie-marin/vendor/laravel/framework/src/Illuminate/Database/Console/Seeds/SeedCommand.php(126): Illuminate\\Foundation\\Application->make()
#6 /home/elyas/Projects/Projet_Stage/paie-marin/vendor/laravel/framework/src/Illuminate/Database/Console/Seeds/SeedCommand.php(71): Illuminate\\Database\\Console\\Seeds\\SeedCommand->getSeeder()
#7 /home/elyas/Projects/Projet_Stage/paie-marin/vendor/laravel/framework/src/Illuminate/Container/BoundMethod.php(36): Illuminate\\Database\\Console\\Seeds\\SeedCommand->handle()
#8 /home/elyas/Projects/Projet_Stage/paie-marin/vendor/laravel/framework/src/Illuminate/Container/Util.php(43): Illuminate\\Container\\BoundMethod::{closure:Illuminate\\Container\\BoundMethod::call():35}()
#9 /home/elyas/Projects/Projet_Stage/paie-marin/vendor/laravel/framework/src/Illuminate/Container/BoundMethod.php(96): Illuminate\\Container\\Util::unwrapIfClosure()
#10 /home/elyas/Projects/Projet_Stage/paie-marin/vendor/laravel/framework/src/Illuminate/Container/BoundMethod.php(35): Illuminate\\Container\\BoundMethod::callBoundMethod()
#11 /home/elyas/Projects/Projet_Stage/paie-marin/vendor/laravel/framework/src/Illuminate/Container/Container.php(803): Illuminate\\Container\\BoundMethod::call()
#12 /home/elyas/Projects/Projet_Stage/paie-marin/vendor/laravel/framework/src/Illuminate/Console/Command.php(292): Illuminate\\Container\\Container->call()
#13 /home/elyas/Projects/Projet_Stage/paie-marin/vendor/symfony/console/Command/Command.php(285): Illuminate\\Console\\Command->execute()
#14 /home/elyas/Projects/Projet_Stage/paie-marin/vendor/laravel/framework/src/Illuminate/Console/Command.php(261): Symfony\\Component\\Console\\Command\\Command->run()
#15 /home/elyas/Projects/Projet_Stage/paie-marin/vendor/symfony/console/Application.php(1144): Illuminate\\Console\\Command->run()
#16 /home/elyas/Projects/Projet_Stage/paie-marin/vendor/symfony/console/Application.php(379): Symfony\\Component\\Console\\Application->doRunCommand()
#17 /home/elyas/Projects/Projet_Stage/paie-marin/vendor/symfony/console/Application.php(218): Symfony\\Component\\Console\\Application->doRun()
#18 /home/elyas/Projects/Projet_Stage/paie-marin/vendor/laravel/framework/src/Illuminate/Foundation/Console/Kernel.php(198): Symfony\\Component\\Console\\Application->run()
#19 /home/elyas/Projects/Projet_Stage/paie-marin/vendor/laravel/framework/src/Illuminate/Foundation/Application.php(1242): Illuminate\\Foundation\\Console\\Kernel->handle()
#20 /home/elyas/Projects/Projet_Stage/paie-marin/artisan(16): Illuminate\\Foundation\\Application->handleCommand()
#21 {main}
"} 
[2026-09-01 06:47:45] local.ERROR: Target class [Database\Seeders\IgrParametre] does not exist. {"exception":"[object] (Illuminate\\Contracts\\Container\\BindingResolutionException(code: 0): Target class [Database\\Seeders\\IgrParametre] does not exist. at /home/elyas/Projects/Projet_Stage/paie-marin/vendor/laravel/framework/src/Illuminate/Container/Container.php:1149)
[stacktrace]
#0 /home/elyas/Projects/Projet_Stage/paie-marin/vendor/laravel/framework/src/Illuminate/Container/Container.php(939): Illuminate\\Container\\Container->build()
#1 /home/elyas/Projects/Projet_Stage/paie-marin/vendor/laravel/framework/src/Illuminate/Foundation/Application.php(1085): Illuminate\\Container\\Container->resolve()
#2 /home/elyas/Projects/Projet_Stage/paie-marin/vendor/laravel/framework/src/Illuminate/Container/Container.php(867): Illuminate\\Foundation\\Application->resolve()
#3 /home/elyas/Projects/Projet_Stage/paie-marin/vendor/laravel/framework/src/Illuminate/Foundation/Application.php(1065): Illuminate\\Container\\Container->make()
#4 /home/elyas/Projects/Projet_Stage/paie-marin/vendor/laravel/framework/src/Illuminate/Database/Console/Seeds/SeedCommand.php(126): Illuminate\\Foundation\\Application->make()
#5 /home/elyas/Projects/Projet_Stage/paie-marin/vendor/laravel/framework/src/Illuminate/Database/Console/Seeds/SeedCommand.php(71): Illuminate\\Database\\Console\\Seeds\\SeedCommand->getSeeder()
#6 /home/elyas/Projects/Projet_Stage/paie-marin/vendor/laravel/framework/src/Illuminate/Container/BoundMethod.php(36): Illuminate\\Database\\Console\\Seeds\\SeedCommand->handle()
#7 /home/elyas/Projects/Projet_Stage/paie-marin/vendor/laravel/framework/src/Illuminate/Container/Util.php(43): Illuminate\\Container\\BoundMethod::{closure:Illuminate\\Container\\BoundMethod::call():35}()
#8 /home/elyas/Projects/Projet_Stage/paie-marin/vendor/laravel/framework/src/Illuminate/Container/BoundMethod.php(96): Illuminate\\Container\\Util::unwrapIfClosure()
#9 /home/elyas/Projects/Projet_Stage/paie-marin/vendor/laravel/framework/src/Illuminate/Container/BoundMethod.php(35): Illuminate\\Container\\BoundMethod::callBoundMethod()
#10 /home/elyas/Projects/Projet_Stage/paie-marin/vendor/laravel/framework/src/Illuminate/Container/Container.php(803): Illuminate\\Container\\BoundMethod::call()
#11 /home/elyas/Projects/Projet_Stage/paie-marin/vendor/laravel/framework/src/Illuminate/Console/Command.php(292): Illuminate\\Container\\Container->call()
#12 /home/elyas/Projects/Projet_Stage/paie-marin/vendor/symfony/console/Command/Command.php(285): Illuminate\\Console\\Command->execute()
#13 /home/elyas/Projects/Projet_Stage/paie-marin/vendor/laravel/framework/src/Illuminate/Console/Command.php(261): Symfony\\Component\\Console\\Command\\Command->run()
#14 /home/elyas/Projects/Projet_Stage/paie-marin/vendor/symfony/console/Application.php(1144): Illuminate\\Console\\Command->run()
#15 /home/elyas/Projects/Projet_Stage/paie-marin/vendor/symfony/console/Application.php(379): Symfony\\Component\\Console\\Application->doRunCommand()
#16 /home/elyas/Projects/Projet_Stage/paie-marin/vendor/symfony/console/Application.php(218): Symfony\\Component\\Console\\Application->doRun()
#17 /home/elyas/Projects/Projet_Stage/paie-marin/vendor/laravel/framework/src/Illuminate/Foundation/Console/Kernel.php(198): Symfony\\Component\\Console\\Application->run()
#18 /home/elyas/Projects/Projet_Stage/paie-marin/vendor/laravel/framework/src/Illuminate/Foundation/Application.php(1242): Illuminate\\Foundation\\Console\\Kernel->handle()
#19 /home/elyas/Projects/Projet_Stage/paie-marin/artisan(16): Illuminate\\Foundation\\Application->handleCommand()
#20 {main}

[previous exception] [object] (ReflectionException(code: -1): Class \"Database\\Seeders\\IgrParametre\" does not exist at /home/elyas/Projects/Projet_Stage/paie-marin/vendor/laravel/framework/src/Illuminate/Container/Container.php:1147)
[stacktrace]
#0 /home/elyas/Projects/Projet_Stage/paie-marin/vendor/laravel/framework/src/Illuminate/Container/Container.php(1147): ReflectionClass->__construct()
#1 /home/elyas/Projects/Projet_Stage/paie-marin/vendor/laravel/framework/src/Illuminate/Container/Container.php(939): Illuminate\\Container\\Container->build()
#2 /home/elyas/Projects/Projet_Stage/paie-marin/vendor/laravel/framework/src/Illuminate/Foundation/Application.php(1085): Illuminate\\Container\\Container->resolve()
#3 /home/elyas/Projects/Projet_Stage/paie-marin/vendor/laravel/framework/src/Illuminate/Container/Container.php(867): Illuminate\\Foundation\\Application->resolve()
#4 /home/elyas/Projects/Projet_Stage/paie-marin/vendor/laravel/framework/src/Illuminate/Foundation/Application.php(1065): Illuminate\\Container\\Container->make()
#5 /home/elyas/Projects/Projet_Stage/paie-marin/vendor/laravel/framework/src/Illuminate/Database/Console/Seeds/SeedCommand.php(126): Illuminate\\Foundation\\Application->make()
#6 /home/elyas/Projects/Projet_Stage/paie-marin/vendor/laravel/framework/src/Illuminate/Database/Console/Seeds/SeedCommand.php(71): Illuminate\\Database\\Console\\Seeds\\SeedCommand->getSeeder()
#7 /home/elyas/Projects/Projet_Stage/paie-marin/vendor/laravel/framework/src/Illuminate/Container/BoundMethod.php(36): Illuminate\\Database\\Console\\Seeds\\SeedCommand->handle()
#8 /home/elyas/Projects/Projet_Stage/paie-marin/vendor/laravel/framework/src/Illuminate/Container/Util.php(43): Illuminate\\Container\\BoundMethod::{closure:Illuminate\\Container\\BoundMethod::call():35}()
#9 /home/elyas/Projects/Projet_Stage/paie-marin/vendor/laravel/framework/src/Illuminate/Container/BoundMethod.php(96): Illuminate\\Container\\Util::unwrapIfClosure()
#10 /home/elyas/Projects/Projet_Stage/paie-marin/vendor/laravel/framework/src/Illuminate/Container/BoundMethod.php(35): Illuminate\\Container\\BoundMethod::callBoundMethod()
#11 /home/elyas/Projects/Projet_Stage/paie-marin/vendor/laravel/framework/src/Illuminate/Container/Container.php(803): Illuminate\\Container\\BoundMethod::call()
#12 /home/elyas/Projects/Projet_Stage/paie-marin/vendor/laravel/framework/src/Illuminate/Console/Command.php(292): Illuminate\\Container\\Container->call()
#13 /home/elyas/Projects/Projet_Stage/paie-marin/vendor/symfony/console/Command/Command.php(285): Illuminate\\Console\\Command->execute()
#14 /home/elyas/Projects/Projet_Stage/paie-marin/vendor/laravel/framework/src/Illuminate/Console/Command.php(261): Symfony\\Component\\Console\\Command\\Command->run()
#15 /home/elyas/Projects/Projet_Stage/paie-marin/vendor/symfony/console/Application.php(1144): Illuminate\\Console\\Command->run()
#16 /home/elyas/Projects/Projet_Stage/paie-marin/vendor/symfony/console/Application.php(379): Symfony\\Component\\Console\\Application->doRunCommand()
#17 /home/elyas/Projects/Projet_Stage/paie-marin/vendor/symfony/console/Application.php(218): Symfony\\Component\\Console\\Application->doRun()
#18 /home/elyas/Projects/Projet_Stage/paie-marin/vendor/laravel/framework/src/Illuminate/Foundation/Console/Kernel.php(198): Symfony\\Component\\Console\\Application->run()
#19 /home/elyas/Projects/Projet_Stage/paie-marin/vendor/laravel/framework/src/Illuminate/Foundation/Application.php(1242): Illuminate\\Foundation\\Console\\Kernel->handle()
#20 /home/elyas/Projects/Projet_Stage/paie-marin/artisan(16): Illuminate\\Foundation\\Application->handleCommand()
#21 {main}
"} 
[2026-09-01 06:48:40] local.ERROR: Target class [Database\Seeders\IgrParametre] does not exist. {"exception":"[object] (Illuminate\\Contracts\\Container\\BindingResolutionException(code: 0): Target class [Database\\Seeders\\IgrParametre] does not exist. at /home/elyas/Projects/Projet_Stage/paie-marin/vendor/laravel/framework/src/Illuminate/Container/Container.php:1149)
[stacktrace]
#0 /home/elyas/Projects/Projet_Stage/paie-marin/vendor/laravel/framework/src/Illuminate/Container/Container.php(939): Illuminate\\Container\\Container->build()
#1 /home/elyas/Projects/Projet_Stage/paie-marin/vendor/laravel/framework/src/Illuminate/Foundation/Application.php(1085): Illuminate\\Container\\Container->resolve()
#2 /home/elyas/Projects/Projet_Stage/paie-marin/vendor/laravel/framework/src/Illuminate/Container/Container.php(867): Illuminate\\Foundation\\Application->resolve()
#3 /home/elyas/Projects/Projet_Stage/paie-marin/vendor/laravel/framework/src/Illuminate/Foundation/Application.php(1065): Illuminate\\Container\\Container->make()
#4 /home/elyas/Projects/Projet_Stage/paie-marin/vendor/laravel/framework/src/Illuminate/Database/Console/Seeds/SeedCommand.php(126): Illuminate\\Foundation\\Application->make()
#5 /home/elyas/Projects/Projet_Stage/paie-marin/vendor/laravel/framework/src/Illuminate/Database/Console/Seeds/SeedCommand.php(71): Illuminate\\Database\\Console\\Seeds\\SeedCommand->getSeeder()
#6 /home/elyas/Projects/Projet_Stage/paie-marin/vendor/laravel/framework/src/Illuminate/Container/BoundMethod.php(36): Illuminate\\Database\\Console\\Seeds\\SeedCommand->handle()
#7 /home/elyas/Projects/Projet_Stage/paie-marin/vendor/laravel/framework/src/Illuminate/Container/Util.php(43): Illuminate\\Container\\BoundMethod::{closure:Illuminate\\Container\\BoundMethod::call():35}()
#8 /home/elyas/Projects/Projet_Stage/paie-marin/vendor/laravel/framework/src/Illuminate/Container/BoundMethod.php(96): Illuminate\\Container\\Util::unwrapIfClosure()
#9 /home/elyas/Projects/Projet_Stage/paie-marin/vendor/laravel/framework/src/Illuminate/Container/BoundMethod.php(35): Illuminate\\Container\\BoundMethod::callBoundMethod()
#10 /home/elyas/Projects/Projet_Stage/paie-marin/vendor/laravel/framework/src/Illuminate/Container/Container.php(803): Illuminate\\Container\\BoundMethod::call()
#11 /home/elyas/Projects/Projet_Stage/paie-marin/vendor/laravel/framework/src/Illuminate/Console/Command.php(292): Illuminate\\Container\\Container->call()
#12 /home/elyas/Projects/Projet_Stage/paie-marin/vendor/symfony/console/Command/Command.php(285): Illuminate\\Console\\Command->execute()
#13 /home/elyas/Projects/Projet_Stage/paie-marin/vendor/laravel/framework/src/Illuminate/Console/Command.php(261): Symfony\\Component\\Console\\Command\\Command->run()
#14 /home/elyas/Projects/Projet_Stage/paie-marin/vendor/symfony/console/Application.php(1144): Illuminate\\Console\\Command->run()
#15 /home/elyas/Projects/Projet_Stage/paie-marin/vendor/symfony/console/Application.php(379): Symfony\\Component\\Console\\Application->doRunCommand()
#16 /home/elyas/Projects/Projet_Stage/paie-marin/vendor/symfony/console/Application.php(218): Symfony\\Component\\Console\\Application->doRun()
#17 /home/elyas/Projects/Projet_Stage/paie-marin/vendor/laravel/framework/src/Illuminate/Foundation/Console/Kernel.php(198): Symfony\\Component\\Console\\Application->run()
#18 /home/elyas/Projects/Projet_Stage/paie-marin/vendor/laravel/framework/src/Illuminate/Foundation/Application.php(1242): Illuminate\\Foundation\\Console\\Kernel->handle()
#19 /home/elyas/Projects/Projet_Stage/paie-marin/artisan(16): Illuminate\\Foundation\\Application->handleCommand()
#20 {main}

[previous exception] [object] (ReflectionException(code: -1): Class \"Database\\Seeders\\IgrParametre\" does not exist at /home/elyas/Projects/Projet_Stage/paie-marin/vendor/laravel/framework/src/Illuminate/Container/Container.php:1147)
[stacktrace]
#0 /home/elyas/Projects/Projet_Stage/paie-marin/vendor/laravel/framework/src/Illuminate/Container/Container.php(1147): ReflectionClass->__construct()
#1 /home/elyas/Projects/Projet_Stage/paie-marin/vendor/laravel/framework/src/Illuminate/Container/Container.php(939): Illuminate\\Container\\Container->build()
#2 /home/elyas/Projects/Projet_Stage/paie-marin/vendor/laravel/framework/src/Illuminate/Foundation/Application.php(1085): Illuminate\\Container\\Container->resolve()
#3 /home/elyas/Projects/Projet_Stage/paie-marin/vendor/laravel/framework/src/Illuminate/Container/Container.php(867): Illuminate\\Foundation\\Application->resolve()
#4 /home/elyas/Projects/Projet_Stage/paie-marin/vendor/laravel/framework/src/Illuminate/Foundation/Application.php(1065): Illuminate\\Container\\Container->make()
#5 /home/elyas/Projects/Projet_Stage/paie-marin/vendor/laravel/framework/src/Illuminate/Database/Console/Seeds/SeedCommand.php(126): Illuminate\\Foundation\\Application->make()
#6 /home/elyas/Projects/Projet_Stage/paie-marin/vendor/laravel/framework/src/Illuminate/Database/Console/Seeds/SeedCommand.php(71): Illuminate\\Database\\Console\\Seeds\\SeedCommand->getSeeder()
#7 /home/elyas/Projects/Projet_Stage/paie-marin/vendor/laravel/framework/src/Illuminate/Container/BoundMethod.php(36): Illuminate\\Database\\Console\\Seeds\\SeedCommand->handle()
#8 /home/elyas/Projects/Projet_Stage/paie-marin/vendor/laravel/framework/src/Illuminate/Container/Util.php(43): Illuminate\\Container\\BoundMethod::{closure:Illuminate\\Container\\BoundMethod::call():35}()
#9 /home/elyas/Projects/Projet_Stage/paie-marin/vendor/laravel/framework/src/Illuminate/Container/BoundMethod.php(96): Illuminate\\Container\\Util::unwrapIfClosure()
#10 /home/elyas/Projects/Projet_Stage/paie-marin/vendor/laravel/framework/src/Illuminate/Container/BoundMethod.php(35): Illuminate\\Container\\BoundMethod::callBoundMethod()
#11 /home/elyas/Projects/Projet_Stage/paie-marin/vendor/laravel/framework/src/Illuminate/Container/Container.php(803): Illuminate\\Container\\BoundMethod::call()
#12 /home/elyas/Projects/Projet_Stage/paie-marin/vendor/laravel/framework/src/Illuminate/Console/Command.php(292): Illuminate\\Container\\Container->call()
#13 /home/elyas/Projects/Projet_Stage/paie-marin/vendor/symfony/console/Command/Command.php(285): Illuminate\\Console\\Command->execute()
#14 /home/elyas/Projects/Projet_Stage/paie-marin/vendor/laravel/framework/src/Illuminate/Console/Command.php(261): Symfony\\Component\\Console\\Command\\Command->run()
#15 /home/elyas/Projects/Projet_Stage/paie-marin/vendor/symfony/console/Application.php(1144): Illuminate\\Console\\Command->run()
#16 /home/elyas/Projects/Projet_Stage/paie-marin/vendor/symfony/console/Application.php(379): Symfony\\Component\\Console\\Application->doRunCommand()
#17 /home/elyas/Projects/Projet_Stage/paie-marin/vendor/symfony/console/Application.php(218): Symfony\\Component\\Console\\Application->doRun()
#18 /home/elyas/Projects/Projet_Stage/paie-marin/vendor/laravel/framework/src/Illuminate/Foundation/Console/Kernel.php(198): Symfony\\Component\\Console\\Application->run()
#19 /home/elyas/Projects/Projet_Stage/paie-marin/vendor/laravel/framework/src/Illuminate/Foundation/Application.php(1242): Illuminate\\Foundation\\Console\\Kernel->handle()
#20 /home/elyas/Projects/Projet_Stage/paie-marin/artisan(16): Illuminate\\Foundation\\Application->handleCommand()
#21 {main}
"} 
[2026-09-01 06:59:21] local.ERROR: Namespace declaration statement has to be the very first statement or after any declare call in the script {"exception":"[object] (Symfony\\Component\\ErrorHandler\\Error\\FatalError(code: 0): Namespace declaration statement has to be the very first statement or after any declare call in the script at /home/elyas/Projects/Projet_Stage/paie-marin/app/Services/CalculPaie.php:4)
[stacktrace]
#0 {main}
"} 
